Event_ID,Trap_ID,Site_ID,Season,Deployment_DateTime,Retrieval_DateTime,Trap_Type,Trap_Status,Sample_Validity,Officer,Notes,Created_By,Created_Date
EVT-00001,TRP-001,ST-001,2023-24,2023-10-01 00:00,2023-10-03 00:00,Gravid Trap,Successful,Valid,Officer E,,data_generator,2023-10-03
EVT-00002,TRP-001,ST-001,2023-24,2023-10-08 00:00,2023-10-10 00:00,Gravid Trap,Successful,Valid,Officer C,,data_generator,2023-10-10
EVT-00003,TRP-001,ST-001,2023-24,2023-10-15 00:00,2023-10-17 00:00,Gravid Trap,Successful,Valid,Officer C,,data_generator,2023-10-17
EVT-00004,TRP-001,ST-001,2023-24,2023-10-22 00:00,2023-10-24 00:00,Gravid Trap,Successful,Valid,Officer D,,data_generator,2023-10-24
EVT-00005,TRP-001,ST-001,2023-24,2023-10-29 00:00,2023-10-31 00:00,Gravid Trap,Successful,Valid,Officer A,,data_generator,2023-10-31
EVT-00006,TRP-001,ST-001,2023-24,2023-11-05 00:00,2023-11-07 00:00,Gravid Trap,Successful,Valid,Officer B,,data_generator,2023-11-07
EVT-00007,TRP-001,ST-001,2023-24,2023-11-12 00:00,2023-11-14 00:00,Gravid Trap,Successful,Valid,Officer E,,data_generator,2023-11-14
EVT-00008,TRP-001,ST-001,2023-24,2023-11-19 00:00,2023-11-21 00:00,Gravid Trap,Successful,Valid,Officer A,,data_generator,2023-11-21
EVT-00009,TRP-001,ST-001,2023-24,2023-11-26 00:00,2023-11-28 00:00,Gravid Trap,Successful,Valid,Officer C,,data_generator,2023-11-28
EVT-00010,TRP-001,ST-001,2023-24,2023-12-03 00:00,2023-12-05 00:00,Gravid Trap,Successful,Valid,Officer E,,data_generator,2023-12-05
EVT-00011,TRP-001,ST-001,2023-24,2023-12-10 00:00,2023-12-12 00:00,Gravid Trap,Successful,Valid,Officer C,,data_generator,2023-12-12
EVT-00012,TRP-001,ST-001,2023-24,2023-12-17 00:00,2023-12-19 00:00,Gravid Trap,Successful,Valid,Officer B,,data_generator,2023-12-19
EVT-00013,TRP-001,ST-001,2023-24,2023-12-24 00:00,2023-12-26 00:00,Gravid Trap,Successful,Valid,Officer D,,data_generator,2023-12-26
EVT-00014,TRP-001,ST-001,2023-24,2023-12-31 00:00,2024-01-02 00:00,Gravid Trap,Successful,Valid,Officer D,,data_generator,2024-01-02
EVT-00015,TRP-001,ST-001,2023-24,2024-01-07 00:00,2024-01-09 00:00,Gravid Trap,Successful,Valid,Officer D,,data_generator,2024-01-09
EVT-00016,TRP-001,ST-001,2023-24,2024-01-14 00:00,2024-01-16 00:00,Gravid Trap,Successful,Valid,Officer A,,data_generator,2024-01-16
EVT-00017,TRP-001,ST-001,2023-24,2024-01-21 00:00,2024-01-23 00:00,Gravid Trap,Partial,Valid,Officer E,,data_generator,2024-01-23
EVT-00018,TRP-001,ST-001,2023-24,2024-01-28 00:00,2024-01-30 00:00,Gravid Trap,Successful,Valid,Officer A,,data_generator,2024-01-30
EVT-00019,TRP-001,ST-001,2023-24,2024-02-04 00:00,2024-02-06 00:00,Gravid Trap,Missing,N/A,Officer E,,data_generator,2024-02-06
EVT-00020,TRP-001,ST-001,2023-24,2024-02-11 00:00,2024-02-13 00:00,Gravid Trap,Successful,Valid,Officer E,,data_generator,2024-02-13
EVT-00021,TRP-001,ST-001,2023-24,2024-02-18 00:00,2024-02-20 00:00,Gravid Trap,Successful,Valid,Officer F,,data_generator,2024-02-20
EVT-00022,TRP-001,ST-001,2023-24,2024-02-25 00:00,2024-02-27 00:00,Gravid Trap,Successful,Valid,Officer F,,data_generator,2024-02-27
EVT-00023,TRP-001,ST-001,2023-24,2024-03-03 00:00,2024-03-05 00:00,Gravid Trap,Successful,Valid,Officer E,,data_generator,2024-03-05
EVT-00024,TRP-001,ST-001,2023-24,2024-03-10 00:00,2024-03-12 00:00,Gravid Trap,Successful,Valid,Officer C,,data_generator,2024-03-12
EVT-00025,TRP-001,ST-001,2023-24,2024-03-17 00:00,2024-03-19 00:00,Gravid Trap,Successful,Valid,Officer B,,data_generator,2024-03-19
EVT-00026,TRP-001,ST-001,2023-24,2024-03-24 00:00,2024-03-26 00:00,Gravid Trap,Successful,Valid,Officer C,,data_generator,2024-03-26
EVT-00027,TRP-001,ST-001,2023-24,2024-03-31 00:00,2024-04-02 00:00,Gravid Trap,Successful,Valid,Officer E,,data_generator,2024-04-02
EVT-00028,TRP-001,ST-001,2023-24,2024-04-07 00:00,2024-04-09 00:00,Gravid Trap,Successful,Valid,Officer A,,data_generator,2024-04-09
EVT-00029,TRP-001,ST-001,2023-24,2024-04-14 00:00,2024-04-16 00:00,Gravid Trap,Successful,Valid,Officer E,,data_generator,2024-04-16
EVT-00030,TRP-001,ST-001,2023-24,2024-04-21 00:00,2024-04-23 00:00,Gravid Trap,Successful,Valid,Officer B,,data_generator,2024-04-23
EVT-00031,TRP-001,ST-001,2023-24,2024-04-28 00:00,2024-04-30 00:00,Gravid Trap,Successful,Valid,Officer B,,data_generator,2024-04-30
EVT-00032,TRP-001,ST-001,2023-24,2024-05-05 00:00,2024-05-07 00:00,Gravid Trap,Successful,Valid,Officer A,,data_generator,2024-05-07
EVT-00033,TRP-001,ST-001,2023-24,2024-05-12 00:00,2024-05-14 00:00,Gravid Trap,Failed - Equipment/Battery,Invalid,Officer B,,data_generator,2024-05-14
EVT-00034,TRP-001,ST-001,2023-24,2024-05-19 00:00,2024-05-21 00:00,Gravid Trap,Successful,Valid,Officer A,,data_generator,2024-05-21
EVT-00035,TRP-002,ST-002,2023-24,2023-10-01 00:00,2023-10-03 00:00,BG-Sentinel,Successful,Valid,Officer C,,data_generator,2023-10-03
EVT-00036,TRP-002,ST-002,2023-24,2023-10-08 00:00,2023-10-10 00:00,BG-Sentinel,Successful,Valid,Officer C,,data_generator,2023-10-10
EVT-00037,TRP-002,ST-002,2023-24,2023-10-15 00:00,2023-10-17 00:00,BG-Sentinel,Successful,Valid,Officer A,,data_generator,2023-10-17
EVT-00038,TRP-002,ST-002,2023-24,2023-10-22 00:00,2023-10-24 00:00,BG-Sentinel,Successful,Valid,Officer D,,data_generator,2023-10-24
EVT-00039,TRP-002,ST-002,2023-24,2023-10-29 00:00,2023-10-31 00:00,BG-Sentinel,Failed - Equipment/Battery,Invalid,Officer F,,data_generator,2023-10-31
EVT-00040,TRP-002,ST-002,2023-24,2023-11-05 00:00,2023-11-07 00:00,BG-Sentinel,Successful,Valid,Officer C,,data_generator,2023-11-07
EVT-00041,TRP-002,ST-002,2023-24,2023-11-12 00:00,2023-11-07 00:00,BG-Sentinel,Successful,Valid,Officer E,,data_generator,2023-11-14
EVT-00042,TRP-002,ST-002,2023-24,2023-11-19 00:00,2023-11-21 00:00,BG-Sentinel,Successful,Valid,Officer F,,data_generator,2023-11-21
EVT-00043,TRP-002,ST-002,2023-24,2023-11-26 00:00,2023-11-28 00:00,BG-Sentinel,Successful,Valid,Officer E,,data_generator,2023-11-28
EVT-00044,TRP-002,ST-002,2023-24,2023-12-03 00:00,2023-12-05 00:00,BG-Sentinel,Successful,Valid,Officer B,,data_generator,2023-12-05
EVT-00045,TRP-002,ST-002,2023-24,2023-12-10 00:00,2023-12-12 00:00,BG-Sentinel,Successful,Valid,Officer A,,data_generator,2023-12-12
EVT-00046,TRP-002,ST-002,2023-24,2023-12-17 00:00,2023-12-19 00:00,BG-Sentinel,Successful,Valid,Officer D,,data_generator,2023-12-19
EVT-00047,TRP-002,ST-002,2023-24,2023-12-24 00:00,2023-12-26 00:00,BG-Sentinel,Successful,Valid,Officer F,,data_generator,2023-12-26
EVT-00048,TRP-002,ST-002,2023-24,2023-12-31 00:00,2024-01-02 00:00,BG-Sentinel,Successful,Valid,Officer F,,data_generator,2024-01-02
EVT-00049,TRP-002,ST-002,2023-24,2024-01-07 00:00,2024-01-09 00:00,BG-Sentinel,Successful,Valid,Officer E,,data_generator,2024-01-09
EVT-00050,TRP-002,ST-002,2023-24,2024-01-14 00:00,2024-01-16 00:00,BG-Sentinel,Partial,Valid,Officer A,,data_generator,2024-01-16
EVT-00051,TRP-002,ST-002,2023-24,2024-01-21 00:00,2024-01-23 00:00,BG-Sentinel,Successful,Valid,Officer B,,data_generator,2024-01-23
EVT-00052,TRP-002,ST-002,2023-24,2024-01-28 00:00,2024-01-30 00:00,BG-Sentinel,Successful,Valid,Officer C,,data_generator,2024-01-30
EVT-00053,TRP-002,ST-002,2023-24,2024-02-04 00:00,2024-02-06 00:00,BG-Sentinel,Successful,Valid,Officer B,,data_generator,2024-02-06
EVT-00054,TRP-002,ST-002,2023-24,2024-02-11 00:00,2024-02-13 00:00,BG-Sentinel,Successful,Valid,Officer B,,data_generator,2024-02-13
EVT-00055,TRP-002,ST-002,2023-24,2024-02-18 00:00,2024-02-20 00:00,BG-Sentinel,Successful,Valid,Officer A,,data_generator,2024-02-20
EVT-00056,TRP-002,ST-002,2023-24,2024-02-25 00:00,2024-02-27 00:00,BG-Sentinel,Successful,Valid,Officer F,,data_generator,2024-02-27
EVT-00057,TRP-002,ST-002,2023-24,2024-03-03 00:00,2024-03-05 00:00,BG-Sentinel,Successful,Valid,Officer D,,data_generator,2024-03-05
EVT-00058,TRP-002,ST-002,2023-24,2024-03-10 00:00,2024-03-12 00:00,BG-Sentinel,Successful,Valid,Officer D,,data_generator,2024-03-12
EVT-00059,TRP-002,ST-002,2023-24,2024-03-17 00:00,2024-03-19 00:00,BG-Sentinel,Successful,Valid,Officer D,,data_generator,2024-03-19
EVT-00060,TRP-002,ST-002,2023-24,2024-03-24 00:00,2024-03-26 00:00,BG-Sentinel,Successful,Valid,Officer A,,data_generator,2024-03-26
EVT-00061,TRP-002,ST-002,2023-24,2024-03-31 00:00,2024-04-02 00:00,BG-Sentinel,Successful,Valid,Officer A,,data_generator,2024-04-02
EVT-00062,TRP-002,ST-002,2023-24,2024-04-07 00:00,2024-04-09 00:00,BG-Sentinel,Successful,Valid,Officer F,,data_generator,2024-04-09
EVT-00063,TRP-002,ST-002,2023-24,2024-04-14 00:00,2024-04-16 00:00,BG-Sentinel,Successful,Valid,Officer A,,data_generator,2024-04-16
EVT-00064,TRP-002,ST-002,2023-24,2024-04-21 00:00,2024-04-23 00:00,BG-Sentinel,Successful,Valid,Officer D,,data_generator,2024-04-23
EVT-00065,TRP-002,ST-002,2023-24,2024-04-28 00:00,2024-04-30 00:00,BG-Sentinel,Successful,Valid,Officer A,,data_generator,2024-04-30
EVT-00066,TRP-002,ST-002,2023-24,2024-05-05 00:00,2024-05-07 00:00,BG-Sentinel,Successful,Valid,Officer B,,data_generator,2024-05-07
EVT-00067,TRP-002,ST-002,2023-24,2024-05-12 00:00,2024-05-14 00:00,BG-Sentinel,Successful,Valid,Officer B,,data_generator,2024-05-14
EVT-00068,TRP-002,ST-002,2023-24,2024-05-19 00:00,2024-05-21 00:00,BG-Sentinel,Missing,N/A,Officer A,,data_generator,2024-05-21
EVT-00069,TRP-003,ST-003,2023-24,2023-10-01 00:00,2023-10-03 00:00,EVS (CO2-baited),Successful,Valid,Officer F,,data_generator,2023-10-03
EVT-00070,TRP-003,ST-003,2023-24,2023-10-08 00:00,2023-10-10 00:00,EVS (CO2-baited),Successful,Valid,Officer E,,data_generator,2023-10-10
EVT-00071,TRP-003,ST-003,2023-24,2023-10-15 00:00,2023-10-17 00:00,EVS (CO2-baited),Successful,Valid,Officer E,,data_generator,2023-10-17
EVT-00072,TRP-003,ST-003,2023-24,2023-10-22 00:00,2023-10-24 00:00,EVS (CO2-baited),Successful,Valid,Officer B,,data_generator,2023-10-24
EVT-00073,TRP-003,ST-003,2023-24,2023-10-29 00:00,2023-10-31 00:00,EVS (CO2-baited),Successful,Valid,Officer C,,data_generator,2023-10-31
EVT-00074,TRP-003,ST-003,2023-24,2023-11-05 00:00,2023-11-07 00:00,EVS (CO2-baited),Successful,Valid,Officer C,,data_generator,2023-11-07
EVT-00075,TRP-003,ST-003,2023-24,2023-11-12 00:00,2023-11-14 00:00,EVS (CO2-baited),Successful,Valid,Officer A,,data_generator,2023-11-14
EVT-00076,TRP-003,ST-003,2023-24,2023-11-19 00:00,2023-11-21 00:00,EVS (CO2-baited),Successful,Valid,Officer C,,data_generator,2023-11-21
EVT-00077,TRP-003,ST-003,2023-24,2023-11-26 00:00,2023-11-28 00:00,EVS (CO2-baited),Successful,Valid,Officer F,,data_generator,2023-11-28
EVT-00078,TRP-003,ST-003,2023-24,2023-12-03 00:00,2023-12-05 00:00,EVS (CO2-baited),Successful,Valid,Officer C,,data_generator,2023-12-05
EVT-00079,TRP-003,ST-003,2023-24,2023-12-10 00:00,2023-12-12 00:00,EVS (CO2-baited),Successful,Valid,Officer F,,data_generator,2023-12-12
EVT-00080,TRP-003,ST-003,2023-24,2023-12-17 00:00,2023-12-19 00:00,EVS (CO2-baited),Successful,Valid,Officer D,,data_generator,2023-12-19
EVT-00081,TRP-003,ST-003,2023-24,2023-12-24 00:00,2023-12-26 00:00,EVS (CO2-baited),Successful,Valid,Officer E,,data_generator,2023-12-26
EVT-00082,TRP-003,ST-003,2023-24,2023-12-31 00:00,2024-01-02 00:00,EVS (CO2-baited),Successful,Valid,Officer C,,data_generator,2024-01-02
EVT-00083,TRP-003,ST-003,2023-24,2024-01-07 00:00,2024-01-09 00:00,EVS (CO2-baited),Successful,Valid,Officer B,,data_generator,2024-01-09
EVT-00084,TRP-003,ST-003,2023-24,2024-01-14 00:00,2024-01-16 00:00,EVS (CO2-baited),Missing,N/A,Officer A,,data_generator,2024-01-16
EVT-00085,TRP-003,ST-003,2023-24,2024-01-21 00:00,2024-01-23 00:00,EVS (CO2-baited),Successful,Valid,Officer E,,data_generator,2024-01-23
EVT-00086,TRP-003,ST-003,2023-24,2024-01-28 00:00,2024-01-30 00:00,EVS (CO2-baited),Partial,Valid,Officer D,,data_generator,2024-01-30
EVT-00087,TRP-003,ST-003,2023-24,2024-02-04 00:00,2024-02-06 00:00,EVS (CO2-baited),Successful,Valid,Officer A,,data_generator,2024-02-06
EVT-00088,TRP-003,ST-003,2023-24,2024-02-11 00:00,2024-02-13 00:00,EVS (CO2-baited),Failed - Equipment/Battery,Invalid,Officer A,,data_generator,2024-02-13
EVT-00089,TRP-003,ST-003,2023-24,2024-02-18 00:00,2024-02-20 00:00,EVS (CO2-baited),Successful,Valid,Officer E,,data_generator,2024-02-20
EVT-00090,TRP-003,ST-003,2023-24,2024-02-25 00:00,2024-02-27 00:00,EVS (CO2-baited),Missing,N/A,Officer A,,data_generator,2024-02-27
EVT-00091,TRP-003,ST-003,2023-24,2024-03-03 00:00,2024-03-05 00:00,EVS (CO2-baited),Successful,Valid,Officer C,,data_generator,2024-03-05
EVT-00092,TRP-003,ST-003,2023-24,2024-03-10 00:00,2024-03-12 00:00,EVS (CO2-baited),Successful,Valid,Officer D,,data_generator,2024-03-12
EVT-00093,TRP-003,ST-003,2023-24,2024-03-17 00:00,2024-03-19 00:00,EVS (CO2-baited),Successful,Valid,Officer E,,data_generator,2024-03-19
EVT-00094,TRP-003,ST-003,2023-24,2024-03-24 00:00,2024-03-26 00:00,EVS (CO2-baited),Successful,Valid,Officer F,,data_generator,2024-03-26
EVT-00095,TRP-003,ST-003,2023-24,2024-03-31 00:00,2024-04-02 00:00,EVS (CO2-baited),Partial,Valid,Officer A,,data_generator,2024-04-02
EVT-00096,TRP-003,ST-003,2023-24,2024-04-07 00:00,2024-04-09 00:00,EVS (CO2-baited),Successful,Valid,Officer D,,data_generator,2024-04-09
EVT-00097,TRP-003,ST-003,2023-24,2024-04-14 00:00,2024-04-16 00:00,EVS (CO2-baited),Successful,Valid,Officer F,,data_generator,2024-04-16
EVT-00098,TRP-003,ST-003,2023-24,2024-04-21 00:00,2024-04-23 00:00,EVS (CO2-baited),Successful,Valid,Officer C,,data_generator,2024-04-23
EVT-00099,TRP-003,ST-003,2023-24,2024-04-28 00:00,2024-04-30 00:00,EVS (CO2-baited),Successful,Valid,Officer E,,data_generator,2024-04-30
EVT-00100,TRP-003,ST-003,2023-24,2024-05-05 00:00,2024-05-07 00:00,EVS (CO2-baited),Successful,Valid,Officer A,,data_generator,2024-05-07
EVT-00101,TRP-003,ST-003,2023-24,2024-05-12 00:00,2024-05-14 00:00,EVS (CO2-baited),Successful,Valid,Officer E,,data_generator,2024-05-14
EVT-00102,TRP-003,ST-003,2023-24,2024-05-19 00:00,2024-05-21 00:00,EVS (CO2-baited),Successful,Valid,Officer F,,data_generator,2024-05-21
EVT-00103,TRP-004,ST-003,2023-24,2023-10-01 00:00,2023-10-03 00:00,BG-Sentinel,Successful,Valid,Officer A,,data_generator,2023-10-03
EVT-00104,TRP-004,ST-003,2023-24,2023-10-08 00:00,2023-10-10 00:00,BG-Sentinel,Successful,Valid,Officer D,,data_generator,2023-10-10
EVT-00105,TRP-004,ST-003,2023-24,2023-10-15 00:00,2023-10-17 00:00,BG-Sentinel,Successful,Valid,Officer E,,data_generator,2023-10-17
EVT-00106,TRP-004,ST-003,2023-24,2023-10-22 00:00,2023-10-24 00:00,BG-Sentinel,Successful,Valid,Officer A,,data_generator,2023-10-24
EVT-00107,TRP-004,ST-003,2023-24,2023-10-29 00:00,2023-10-31 00:00,BG-Sentinel,Successful,Valid,Officer C,,data_generator,2023-10-31
EVT-00108,TRP-004,ST-003,2023-24,2023-11-05 00:00,2023-11-07 00:00,BG-Sentinel,Successful,Valid,Officer E,,data_generator,2023-11-07
EVT-00109,TRP-004,ST-003,2023-24,2023-11-12 00:00,2023-11-14 00:00,BG-Sentinel,Successful,Valid,Officer A,,data_generator,2023-11-14
EVT-00110,TRP-004,ST-003,2023-24,2023-11-19 00:00,2023-11-21 00:00,BG-Sentinel,Successful,Valid,Officer C,,data_generator,2023-11-21
EVT-00111,TRP-004,ST-003,2023-24,2023-11-26 00:00,2023-11-28 00:00,BG-Sentinel,Successful,Valid,Officer B,,data_generator,2023-11-28
EVT-00112,TRP-004,ST-003,2023-24,2023-12-03 00:00,2023-12-05 00:00,BG-Sentinel,Successful,Valid,Officer C,,data_generator,2023-12-05
EVT-00113,TRP-004,ST-003,2023-24,2023-12-10 00:00,2023-12-12 00:00,BG-Sentinel,Successful,Valid,Officer B,,data_generator,2023-12-12
EVT-00114,TRP-004,ST-003,2023-24,2023-12-17 00:00,2023-12-19 00:00,BG-Sentinel,Successful,Valid,Officer B,,data_generator,2023-12-19
EVT-00115,TRP-004,ST-003,2023-24,2023-12-24 00:00,2023-12-26 00:00,BG-Sentinel,Successful,Valid,Officer B,,data_generator,2023-12-26
EVT-00116,TRP-004,ST-003,2023-24,2023-12-31 00:00,2024-01-02 00:00,BG-Sentinel,Successful,Valid,Officer D,,data_generator,2024-01-02
EVT-00117,TRP-004,ST-003,2023-24,2024-01-07 00:00,2024-01-09 00:00,BG-Sentinel,Successful,Valid,Officer A,,data_generator,2024-01-09
EVT-00118,TRP-004,ST-003,2023-24,2024-01-14 00:00,2024-01-16 00:00,BG-Sentinel,Successful,Valid,Officer D,,data_generator,2024-01-16
EVT-00119,TRP-004,ST-003,2023-24,2024-01-21 00:00,2024-01-23 00:00,BG-Sentinel,Successful,Valid,Officer C,,data_generator,2024-01-23
EVT-00120,TRP-004,ST-003,2023-24,2024-01-28 00:00,2024-01-30 00:00,BG-Sentinel,Successful,Valid,Officer B,,data_generator,2024-01-30
EVT-00121,TRP-004,ST-003,2023-24,2024-02-04 00:00,2024-02-06 00:00,BG-Sentinel,Successful,Valid,Officer D,,data_generator,2024-02-06
EVT-00122,TRP-004,ST-003,2023-24,2024-02-11 00:00,2024-02-13 00:00,BG-Sentinel,Successful,Valid,Officer E,,data_generator,2024-02-13
EVT-00123,TRP-004,ST-003,2023-24,2024-02-18 00:00,2024-02-20 00:00,BG-Sentinel,Successful,Valid,Officer C,,data_generator,2024-02-20
EVT-00124,TRP-004,ST-003,2023-24,2024-02-25 00:00,2024-02-27 00:00,BG-Sentinel,Successful,Valid,Officer F,,data_generator,2024-02-27
EVT-00125,TRP-004,ST-003,2023-24,2024-03-03 00:00,2024-03-05 00:00,BG-Sentinel,Successful,Valid,Officer C,,data_generator,2024-03-05
EVT-00126,TRP-004,ST-003,2023-24,2024-03-10 00:00,2024-03-12 00:00,BG-Sentinel,Successful,Valid,Officer F,,data_generator,2024-03-12
EVT-00127,TRP-004,ST-003,2023-24,2024-03-17 00:00,2024-03-19 00:00,BG-Sentinel,Successful,Valid,Officer E,,data_generator,2024-03-19
EVT-00128,TRP-004,ST-003,2023-24,2024-03-24 00:00,2024-03-26 00:00,BG-Sentinel,Successful,Valid,Officer D,,data_generator,2024-03-26
EVT-00129,TRP-004,ST-003,2023-24,2024-03-31 00:00,2024-04-02 00:00,BG-Sentinel,Successful,Valid,Officer C,,data_generator,2024-04-02
EVT-00130,TRP-004,ST-003,2023-24,2024-04-07 00:00,2024-04-09 00:00,BG-Sentinel,Failed - Equipment/Battery,Invalid,Officer E,,data_generator,2024-04-09
EVT-00131,TRP-004,ST-003,2023-24,2024-04-14 00:00,2024-04-16 00:00,BG-Sentinel,Successful,Valid,Officer C,,data_generator,2024-04-16
EVT-00132,TRP-004,ST-003,2023-24,2024-04-21 00:00,2024-04-23 00:00,BG-Sentinel,Successful,Valid,Officer B,,data_generator,2024-04-23
EVT-00133,TRP-004,ST-003,2023-24,2024-04-28 00:00,2024-04-30 00:00,BG-Sentinel,Successful,Valid,Officer F,,data_generator,2024-04-30
EVT-00134,TRP-004,ST-003,2023-24,2024-05-05 00:00,2024-05-07 00:00,BG-Sentinel,Successful,Valid,Officer F,,data_generator,2024-05-07
EVT-00135,TRP-004,ST-003,2023-24,2024-05-12 00:00,2024-05-14 00:00,BG-Sentinel,Successful,Valid,Officer A,,data_generator,2024-05-14
EVT-00136,TRP-004,ST-003,2023-24,2024-05-19 00:00,2024-05-21 00:00,BG-Sentinel,Successful,Valid,Officer A,,data_generator,2024-05-21
EVT-00137,TRP-005,ST-005,2023-24,2023-10-01 00:00,2023-10-03 00:00,EVS (CO2-baited),Successful,Valid,Officer C,,data_generator,2023-10-03
EVT-00138,TRP-005,ST-005,2023-24,2023-10-08 00:00,2023-10-10 00:00,EVS (CO2-baited),Successful,Valid,Officer C,,data_generator,2023-10-10
EVT-00139,TRP-005,ST-005,2023-24,2023-10-15 00:00,2023-10-17 00:00,EVS (CO2-baited),Successful,Valid,Officer A,,data_generator,2023-10-17
EVT-00140,TRP-005,ST-005,2023-24,2023-10-22 00:00,2023-10-24 00:00,EVS (CO2-baited),Missing,N/A,Officer C,,data_generator,2023-10-24
EVT-00141,TRP-005,ST-005,2023-24,2023-10-29 00:00,2023-10-31 00:00,EVS (CO2-baited),Successful,Valid,Officer E,,data_generator,2023-10-31
EVT-00142,TRP-005,ST-005,2023-24,2023-11-05 00:00,2023-11-07 00:00,EVS (CO2-baited),Successful,Valid,Officer D,,data_generator,2023-11-07
EVT-00143,TRP-005,ST-005,2023-24,2023-11-12 00:00,2023-11-14 00:00,EVS (CO2-baited),Successful,Valid,Officer D,,data_generator,2023-11-14
EVT-00144,TRP-005,ST-005,2023-24,2023-11-19 00:00,2023-11-21 00:00,EVS (CO2-baited),Successful,Valid,Officer D,,data_generator,2023-11-21
EVT-00145,TRP-005,ST-005,2023-24,2023-11-26 00:00,2023-11-28 00:00,EVS (CO2-baited),Missing,N/A,Officer E,,data_generator,2023-11-28
EVT-00146,TRP-005,ST-005,2023-24,2023-12-03 00:00,2023-12-05 00:00,EVS (CO2-baited),Successful,Valid,Officer A,,data_generator,2023-12-05
EVT-00147,TRP-005,ST-005,2023-24,2023-12-10 00:00,2023-12-12 00:00,EVS (CO2-baited),Successful,Valid,Officer D,,data_generator,2023-12-12
EVT-00148,TRP-005,ST-005,2023-24,2023-12-17 00:00,2023-12-19 00:00,EVS (CO2-baited),Successful,Valid,Officer F,,data_generator,2023-12-19
EVT-00149,TRP-005,ST-005,2023-24,2023-12-24 00:00,2023-12-26 00:00,EVS (CO2-baited),Successful,Valid,Officer E,,data_generator,2023-12-26
EVT-00150,TRP-005,ST-005,2023-24,2023-12-31 00:00,2024-01-02 00:00,EVS (CO2-baited),Successful,Valid,Officer B,,data_generator,2024-01-02
EVT-00151,TRP-005,ST-005,2023-24,2024-01-07 00:00,2024-01-09 00:00,EVS (CO2-baited),Successful,Valid,Officer A,,data_generator,2024-01-09
EVT-00152,TRP-005,ST-005,2023-24,2024-01-14 00:00,2024-01-16 00:00,EVS (CO2-baited),Successful,Valid,Officer E,,data_generator,2024-01-16
EVT-00153,TRP-005,ST-005,2023-24,2024-01-21 00:00,2024-01-23 00:00,EVS (CO2-baited),Successful,Valid,Officer C,,data_generator,2024-01-23
EVT-00154,TRP-005,ST-005,2023-24,2024-01-28 00:00,2024-01-30 00:00,EVS (CO2-baited),Successful,Valid,Officer D,,data_generator,2024-01-30
EVT-00155,TRP-005,ST-005,2023-24,2024-02-04 00:00,2024-02-06 00:00,EVS (CO2-baited),Successful,Valid,Officer A,,data_generator,2024-02-06
EVT-00156,TRP-005,ST-005,2023-24,2024-02-11 00:00,2024-02-13 00:00,EVS (CO2-baited),Missing,N/A,Officer B,,data_generator,2024-02-13
EVT-00157,TRP-005,ST-005,2023-24,2024-02-18 00:00,2024-02-20 00:00,EVS (CO2-baited),Successful,Valid,Officer A,,data_generator,2024-02-20
EVT-00158,TRP-005,ST-005,2023-24,2024-02-25 00:00,2024-02-27 00:00,EVS (CO2-baited),Successful,Valid,Officer E,,data_generator,2024-02-27
EVT-00159,TRP-005,ST-005,2023-24,2024-03-03 00:00,2024-03-05 00:00,EVS (CO2-baited),Successful,Valid,Officer E,,data_generator,2024-03-05
EVT-00160,TRP-005,ST-005,2023-24,2024-03-10 00:00,2024-03-12 00:00,EVS (CO2-baited),Successful,Valid,Officer E,,data_generator,2024-03-12
EVT-00161,TRP-005,ST-005,2023-24,2024-03-17 00:00,2024-03-19 00:00,EVS (CO2-baited),Successful,Valid,Officer C,,data_generator,2024-03-19
EVT-00162,TRP-005,ST-005,2023-24,2024-03-24 00:00,2024-03-26 00:00,EVS (CO2-baited),Successful,Valid,Officer B,,data_generator,2024-03-26
EVT-00163,TRP-005,ST-005,2023-24,2024-03-31 00:00,2024-04-02 00:00,EVS (CO2-baited),Missing,N/A,Officer A,,data_generator,2024-04-02
EVT-00164,TRP-005,ST-005,2023-24,2024-04-07 00:00,2024-04-09 00:00,EVS (CO2-baited),Successful,Valid,Officer E,,data_generator,2024-04-09
EVT-00165,TRP-005,ST-005,2023-24,2024-04-14 00:00,2024-04-16 00:00,EVS (CO2-baited),Successful,Valid,Officer D,,data_generator,2024-04-16
EVT-00166,TRP-005,ST-005,2023-24,2024-04-21 00:00,2024-04-23 00:00,EVS (CO2-baited),Successful,Valid,Officer F,,data_generator,2024-04-23
EVT-00167,TRP-005,ST-005,2023-24,2024-04-28 00:00,2024-04-30 00:00,EVS (CO2-baited),Successful,Valid,Officer F,,data_generator,2024-04-30
EVT-00168,TRP-005,ST-005,2023-24,2024-05-05 00:00,2024-05-07 00:00,EVS (CO2-baited),Successful,Valid,Officer D,,data_generator,2024-05-07
EVT-00169,TRP-005,ST-005,2023-24,2024-05-12 00:00,2024-05-14 00:00,EVS (CO2-baited),Successful,Valid,Officer B,,data_generator,2024-05-14
EVT-00170,TRP-005,ST-005,2023-24,2024-05-19 00:00,2024-05-21 00:00,EVS (CO2-baited),Successful,Valid,Officer A,,data_generator,2024-05-21
EVT-00171,TRP-006,ST-006,2023-24,2023-10-01 00:00,2023-10-03 00:00,BG-Sentinel,Successful,Valid,Officer D,,data_generator,2023-10-03
EVT-00172,TRP-006,ST-006,2023-24,2023-10-08 00:00,2023-10-10 00:00,BG-Sentinel,Successful,Valid,Officer B,,data_generator,2023-10-10
EVT-00173,TRP-006,ST-006,2023-24,2023-10-15 00:00,2023-10-17 00:00,BG-Sentinel,Successful,Valid,Officer E,,data_generator,2023-10-17
EVT-00174,TRP-006,ST-006,2023-24,2023-10-22 00:00,2023-10-24 00:00,BG-Sentinel,Successful,Valid,Officer F,,data_generator,2023-10-24
EVT-00175,TRP-006,ST-006,2023-24,2023-10-29 00:00,2023-10-31 00:00,BG-Sentinel,Successful,Valid,Officer C,,data_generator,2023-10-31
EVT-00176,TRP-006,ST-006,2023-24,2023-11-05 00:00,2023-11-07 00:00,BG-Sentinel,Successful,Valid,Officer D,,data_generator,2023-11-07
EVT-00177,TRP-006,ST-006,2023-24,2023-11-12 00:00,2023-11-14 00:00,BG-Sentinel,Successful,Valid,Officer F,,data_generator,2023-11-14
EVT-00178,TRP-006,ST-006,2023-24,2023-11-19 00:00,2023-11-21 00:00,BG-Sentinel,Successful,Valid,Officer F,,data_generator,2023-11-21
EVT-00179,TRP-006,ST-006,2023-24,2023-11-26 00:00,2023-11-28 00:00,BG-Sentinel,Successful,Valid,Officer D,,data_generator,2023-11-28
EVT-00180,TRP-006,ST-006,2023-24,2023-12-03 00:00,2023-12-05 00:00,BG-Sentinel,Successful,Valid,Officer F,,data_generator,2023-12-05
EVT-00181,TRP-006,ST-006,2023-24,2023-12-10 00:00,2023-12-12 00:00,BG-Sentinel,Successful,Valid,Officer C,,data_generator,2023-12-12
EVT-00182,TRP-006,ST-006,2023-24,2023-12-17 00:00,2023-12-19 00:00,BG-Sentinel,Failed - Equipment/Battery,Invalid,Officer B,,data_generator,2023-12-19
EVT-00183,TRP-006,ST-006,2023-24,2023-12-24 00:00,2023-12-26 00:00,BG-Sentinel,Successful,Valid,Officer C,,data_generator,2023-12-26
EVT-00184,TRP-006,ST-006,2023-24,2023-12-31 00:00,2024-01-02 00:00,BG-Sentinel,Successful,Valid,Officer E,,data_generator,2024-01-02
EVT-00185,TRP-006,ST-006,2023-24,2024-01-07 00:00,2024-01-09 00:00,BG-Sentinel,Successful,Valid,Officer E,,data_generator,2024-01-09
EVT-00186,TRP-006,ST-006,2023-24,2024-01-14 00:00,2024-01-16 00:00,BG-Sentinel,Successful,Valid,Officer E,,data_generator,2024-01-16
EVT-00187,TRP-006,ST-006,2023-24,2024-01-21 00:00,2024-01-23 00:00,BG-Sentinel,Successful,Valid,Officer C,,data_generator,2024-01-23
EVT-00188,TRP-006,ST-006,2023-24,2024-01-28 00:00,2024-01-30 00:00,BG-Sentinel,Successful,Valid,Officer C,,data_generator,2024-01-30
EVT-00189,TRP-006,ST-006,2023-24,2024-02-04 00:00,2024-02-06 00:00,BG-Sentinel,Successful,Valid,Officer B,,data_generator,2024-02-06
EVT-00190,TRP-006,ST-006,2023-24,2024-02-11 00:00,2024-02-13 00:00,BG-Sentinel,Successful,Valid,Officer D,,data_generator,2024-02-13
EVT-00191,TRP-006,ST-006,2023-24,2024-02-18 00:00,2024-02-20 00:00,BG-Sentinel,Successful,Valid,Officer C,,data_generator,2024-02-20
EVT-00192,TRP-006,ST-006,2023-24,2024-02-25 00:00,2024-02-27 00:00,BG-Sentinel,Successful,Valid,Officer F,,data_generator,2024-02-27
EVT-00193,TRP-006,ST-006,2023-24,2024-03-03 00:00,2024-03-05 00:00,BG-Sentinel,Successful,Valid,Officer D,,data_generator,2024-03-05
EVT-00194,TRP-006,ST-006,2023-24,2024-03-10 00:00,2024-03-12 00:00,BG-Sentinel,Partial,Valid,Officer B,,data_generator,2024-03-12
EVT-00195,TRP-006,ST-006,2023-24,2024-03-17 00:00,2024-03-19 00:00,BG-Sentinel,Successful,Valid,Officer F,,data_generator,2024-03-19
EVT-00196,TRP-006,ST-006,2023-24,2024-03-24 00:00,2024-03-26 00:00,BG-Sentinel,Successful,Valid,Officer A,,data_generator,2024-03-26
EVT-00197,TRP-006,ST-006,2023-24,2024-03-31 00:00,2024-04-02 00:00,BG-Sentinel,Successful,Valid,Officer D,,data_generator,2024-04-02
EVT-00198,TRP-006,ST-006,2023-24,2024-04-07 00:00,2024-04-09 00:00,BG-Sentinel,Successful,Valid,Officer B,,data_generator,2024-04-09
EVT-00199,TRP-006,ST-006,2023-24,2024-04-14 00:00,2024-04-16 00:00,BG-Sentinel,Successful,Valid,Officer A,,data_generator,2024-04-16
EVT-00200,TRP-006,ST-006,2023-24,2024-04-21 00:00,2024-04-23 00:00,BG-Sentinel,Successful,Valid,Officer C,,data_generator,2024-04-23
EVT-00201,TRP-006,ST-006,2023-24,2024-04-28 00:00,2024-04-30 00:00,BG-Sentinel,Failed - Equipment/Battery,Invalid,Officer B,,data_generator,2024-04-30
EVT-00202,TRP-006,ST-006,2023-24,2024-05-05 00:00,2024-05-07 00:00,BG-Sentinel,Successful,Valid,Officer D,,data_generator,2024-05-07
EVT-00203,TRP-006,ST-006,2023-24,2024-05-12 00:00,2024-05-14 00:00,BG-Sentinel,Successful,Valid,Officer E,,data_generator,2024-05-14
EVT-00204,TRP-006,ST-006,2023-24,2024-05-19 00:00,2024-05-21 00:00,BG-Sentinel,Successful,Valid,Officer A,,data_generator,2024-05-21
EVT-00205,TRP-007,ST-007,2023-24,2023-10-01 00:00,2023-10-03 00:00,CDC Light Trap,Successful,Valid,Officer C,,data_generator,2023-10-03
EVT-00206,TRP-007,ST-007,2023-24,2023-10-08 00:00,2023-10-10 00:00,CDC Light Trap,Successful,Valid,Officer C,,data_generator,2023-10-10
EVT-00207,TRP-007,ST-007,2023-24,2023-10-15 00:00,2023-10-17 00:00,CDC Light Trap,Successful,Valid,Officer B,,data_generator,2023-10-17
EVT-00208,TRP-007,ST-007,2023-24,2023-10-22 00:00,2023-10-24 00:00,CDC Light Trap,Successful,Valid,Officer F,,data_generator,2023-10-24
EVT-00209,TRP-007,ST-007,2023-24,2023-10-29 00:00,2023-10-31 00:00,CDC Light Trap,Successful,Valid,Officer B,,data_generator,2023-10-31
EVT-00210,TRP-007,ST-007,2023-24,2023-11-05 00:00,2023-11-07 00:00,CDC Light Trap,Missing,N/A,Officer B,,data_generator,2023-11-07
EVT-00211,TRP-007,ST-007,2023-24,2023-11-12 00:00,2023-11-14 00:00,CDC Light Trap,Missing,N/A,Officer F,,data_generator,2023-11-14
EVT-00212,TRP-007,ST-007,2023-24,2023-11-19 00:00,2023-11-21 00:00,CDC Light Trap,Failed - Equipment/Battery,Invalid,Officer F,,data_generator,2023-11-21
EVT-00213,TRP-007,ST-007,2023-24,2023-11-26 00:00,2023-11-28 00:00,CDC Light Trap,Successful,Valid,Officer C,,data_generator,2023-11-28
EVT-00214,TRP-007,ST-007,2023-24,2023-12-03 00:00,2023-12-05 00:00,CDC Light Trap,Successful,Valid,Officer F,,data_generator,2023-12-05
EVT-00215,TRP-007,ST-007,2023-24,2023-12-10 00:00,2023-12-12 00:00,CDC Light Trap,Successful,Valid,Officer D,,data_generator,2023-12-12
EVT-00216,TRP-007,ST-007,2023-24,2023-12-17 00:00,2023-12-19 00:00,CDC Light Trap,Successful,Valid,Officer B,,data_generator,2023-12-19
EVT-00217,TRP-007,ST-007,2023-24,2023-12-24 00:00,2023-12-26 00:00,CDC Light Trap,Successful,Valid,Officer B,,data_generator,2023-12-26
EVT-00218,TRP-007,ST-007,2023-24,2023-12-31 00:00,2024-01-02 00:00,CDC Light Trap,Successful,Valid,Officer C,,data_generator,2024-01-02
EVT-00219,TRP-007,ST-007,2023-24,2024-01-07 00:00,2024-01-09 00:00,CDC Light Trap,Successful,Valid,Officer C,,data_generator,2024-01-09
EVT-00220,TRP-007,ST-007,2023-24,2024-01-14 00:00,2024-01-16 00:00,CDC Light Trap,Successful,Valid,Officer C,,data_generator,2024-01-16
EVT-00221,TRP-007,ST-007,2023-24,2024-01-21 00:00,2024-01-23 00:00,CDC Light Trap,Successful,Valid,Officer E,,data_generator,2024-01-23
EVT-00222,TRP-007,ST-007,2023-24,2024-01-28 00:00,2024-01-30 00:00,CDC Light Trap,Successful,Valid,Officer E,,data_generator,2024-01-30
EVT-00223,TRP-007,ST-007,2023-24,2024-02-04 00:00,2024-02-06 00:00,CDC Light Trap,Successful,Valid,Officer D,,data_generator,2024-02-06
EVT-00224,TRP-007,ST-007,2023-24,2024-02-11 00:00,2024-02-13 00:00,CDC Light Trap,Missing,N/A,Officer F,,data_generator,2024-02-13
EVT-00225,TRP-007,ST-007,2023-24,2024-02-18 00:00,2024-02-20 00:00,CDC Light Trap,Successful,Valid,Officer C,,data_generator,2024-02-20
EVT-00226,TRP-007,ST-007,2023-24,2024-02-25 00:00,2024-02-27 00:00,CDC Light Trap,Successful,Valid,Officer F,,data_generator,2024-02-27
EVT-00227,TRP-007,ST-007,2023-24,2024-03-03 00:00,2024-03-05 00:00,CDC Light Trap,Missing,N/A,Officer C,,data_generator,2024-03-05
EVT-00228,TRP-007,ST-007,2023-24,2024-03-10 00:00,2024-03-12 00:00,CDC Light Trap,Successful,Valid,Officer B,,data_generator,2024-03-12
EVT-00229,TRP-007,ST-007,2023-24,2024-03-17 00:00,2024-03-19 00:00,CDC Light Trap,Successful,Valid,Officer D,,data_generator,2024-03-19
EVT-00230,TRP-007,ST-007,2023-24,2024-03-24 00:00,2024-03-26 00:00,CDC Light Trap,Successful,Valid,Officer C,,data_generator,2024-03-26
EVT-00231,TRP-007,ST-007,2023-24,2024-03-31 00:00,2024-04-02 00:00,CDC Light Trap,Missing,N/A,Officer B,,data_generator,2024-04-02
EVT-00232,TRP-007,ST-007,2023-24,2024-04-07 00:00,2024-04-09 00:00,CDC Light Trap,Failed - Equipment/Battery,Invalid,Officer E,,data_generator,2024-04-09
EVT-00233,TRP-007,ST-007,2023-24,2024-04-14 00:00,2024-04-16 00:00,CDC Light Trap,Successful,Valid,Officer C,,data_generator,2024-04-16
EVT-00234,TRP-007,ST-007,2023-24,2024-04-21 00:00,2024-04-23 00:00,CDC Light Trap,Successful,Valid,Officer F,,data_generator,2024-04-23
EVT-00235,TRP-007,ST-007,2023-24,2024-04-28 00:00,2024-04-30 00:00,CDC Light Trap,Successful,Valid,Officer C,,data_generator,2024-04-30
EVT-00236,TRP-007,ST-007,2023-24,2024-05-05 00:00,2024-05-07 00:00,CDC Light Trap,Successful,Valid,Officer B,,data_generator,2024-05-07
EVT-00237,TRP-007,ST-007,2023-24,2024-05-12 00:00,2024-05-14 00:00,CDC Light Trap,Successful,Valid,Officer E,,data_generator,2024-05-14
EVT-00238,TRP-007,ST-007,2023-24,2024-05-19 00:00,2024-05-21 00:00,CDC Light Trap,Successful,Valid,Officer C,,data_generator,2024-05-21
EVT-00239,TRP-008,ST-008,2023-24,2023-10-01 00:00,2023-10-03 00:00,Gravid Trap,Successful,Valid,Officer F,,data_generator,2023-10-03
EVT-00240,TRP-008,ST-008,2023-24,2023-10-08 00:00,2023-10-10 00:00,Gravid Trap,Successful,Valid,Officer B,,data_generator,2023-10-10
EVT-00241,TRP-008,ST-008,2023-24,2023-10-15 00:00,2023-10-17 00:00,Gravid Trap,Successful,Valid,Officer D,,data_generator,2023-10-17
EVT-00242,TRP-008,ST-008,2023-24,2023-10-22 00:00,2023-10-24 00:00,Gravid Trap,Successful,Valid,Officer A,,data_generator,2023-10-24
EVT-00243,TRP-008,ST-008,2023-24,2023-10-29 00:00,2023-10-31 00:00,Gravid Trap,Failed - Equipment/Battery,Invalid,Officer E,,data_generator,2023-10-31
EVT-00244,TRP-008,ST-008,2023-24,2023-11-05 00:00,2023-11-07 00:00,Gravid Trap,Successful,Valid,Officer B,,data_generator,2023-11-07
EVT-00245,TRP-008,ST-008,2023-24,2023-11-12 00:00,2023-11-14 00:00,Gravid Trap,Successful,Valid,Officer E,,data_generator,2023-11-14
EVT-00246,TRP-008,ST-008,2023-24,2023-11-19 00:00,2023-11-21 00:00,Gravid Trap,Missing,N/A,Officer B,,data_generator,2023-11-21
EVT-00247,TRP-008,ST-008,2023-24,2023-11-26 00:00,2023-11-28 00:00,Gravid Trap,Successful,Valid,Officer A,,data_generator,2023-11-28
EVT-00248,TRP-008,ST-008,2023-24,2023-12-03 00:00,2023-12-05 00:00,Gravid Trap,Failed - Equipment/Battery,Invalid,Officer F,,data_generator,2023-12-05
EVT-00249,TRP-008,ST-008,2023-24,2023-12-10 00:00,2023-12-12 00:00,Gravid Trap,Successful,Valid,Officer D,,data_generator,2023-12-12
EVT-00250,TRP-008,ST-008,2023-24,2023-12-17 00:00,2023-12-19 00:00,Gravid Trap,Successful,Valid,Officer A,,data_generator,2023-12-19
EVT-00251,TRP-008,ST-008,2023-24,2023-12-24 00:00,2023-12-26 00:00,Gravid Trap,Successful,Valid,Officer C,,data_generator,2023-12-26
EVT-00252,TRP-008,ST-008,2023-24,2023-12-31 00:00,2024-01-02 00:00,Gravid Trap,Successful,Valid,Officer E,,data_generator,2024-01-02
EVT-00253,TRP-008,ST-008,2023-24,2024-01-07 00:00,2024-01-09 00:00,Gravid Trap,Successful,Valid,Officer B,,data_generator,2024-01-09
EVT-00254,TRP-008,ST-008,2023-24,2024-01-14 00:00,2024-01-16 00:00,Gravid Trap,Successful,Valid,Officer B,,data_generator,2024-01-16
EVT-00255,TRP-008,ST-008,2023-24,2024-01-21 00:00,2024-01-23 00:00,Gravid Trap,Successful,Valid,Officer C,,data_generator,2024-01-23
EVT-00256,TRP-008,ST-008,2023-24,2024-01-28 00:00,2024-01-30 00:00,Gravid Trap,Successful,Valid,Officer E,,data_generator,2024-01-30
EVT-00257,TRP-008,ST-008,2023-24,2024-02-04 00:00,2024-02-06 00:00,Gravid Trap,Partial,Valid,Officer D,,data_generator,2024-02-06
EVT-00258,TRP-008,ST-008,2023-24,2024-02-11 00:00,2024-02-13 00:00,Gravid Trap,Successful,Valid,Officer E,,data_generator,2024-02-13
EVT-00259,TRP-008,ST-008,2023-24,2024-02-18 00:00,2024-02-20 00:00,Gravid Trap,Successful,Valid,Officer A,,data_generator,2024-02-20
EVT-00260,TRP-008,ST-008,2023-24,2024-02-25 00:00,2024-02-27 00:00,Gravid Trap,Successful,Valid,Officer D,,data_generator,2024-02-27
EVT-00261,TRP-008,ST-008,2023-24,2024-03-03 00:00,2024-03-05 00:00,Gravid Trap,Missing,N/A,Officer A,,data_generator,2024-03-05
EVT-00262,TRP-008,ST-008,2023-24,2024-03-10 00:00,2024-03-12 00:00,Gravid Trap,Successful,Valid,Officer A,,data_generator,2024-03-12
EVT-00263,TRP-008,ST-008,2023-24,2024-03-17 00:00,2024-03-19 00:00,Gravid Trap,Missing,N/A,Officer D,,data_generator,2024-03-19
EVT-00264,TRP-008,ST-008,2023-24,2024-03-24 00:00,2024-03-26 00:00,Gravid Trap,Successful,Valid,Officer B,,data_generator,2024-03-26
EVT-00265,TRP-008,ST-008,2023-24,2024-03-31 00:00,2024-04-02 00:00,Gravid Trap,Successful,Valid,Officer A,,data_generator,2024-04-02
EVT-00266,TRP-008,ST-008,2023-24,2024-04-07 00:00,2024-04-09 00:00,Gravid Trap,Successful,Valid,Officer C,,data_generator,2024-04-09
EVT-00267,TRP-008,ST-008,2023-24,2024-04-14 00:00,2024-04-16 00:00,Gravid Trap,Successful,Valid,Officer B,,data_generator,2024-04-16
EVT-00268,TRP-008,ST-008,2023-24,2024-04-21 00:00,2024-04-23 00:00,Gravid Trap,Successful,Valid,Officer D,,data_generator,2024-04-23
EVT-00269,TRP-008,ST-008,2023-24,2024-04-28 00:00,2024-04-30 00:00,Gravid Trap,Successful,Valid,Officer B,,data_generator,2024-04-30
EVT-00270,TRP-008,ST-008,2023-24,2024-05-05 00:00,2024-05-07 00:00,Gravid Trap,Successful,Valid,Officer F,,data_generator,2024-05-07
EVT-00271,TRP-008,ST-008,2023-24,2024-05-12 00:00,2024-05-14 00:00,Gravid Trap,Successful,Valid,Officer C,,data_generator,2024-05-14
EVT-00272,TRP-008,ST-008,2023-24,2024-05-19 00:00,2024-05-21 00:00,Gravid Trap,Successful,Valid,Officer F,,data_generator,2024-05-21
EVT-00273,TRP-009,ST-009,2023-24,2023-10-01 00:00,2023-10-03 00:00,BG-Sentinel,Successful,Valid,Officer B,,data_generator,2023-10-03
EVT-00274,TRP-009,ST-009,2023-24,2023-10-08 00:00,2023-10-10 00:00,BG-Sentinel,Successful,Valid,Officer D,,data_generator,2023-10-10
EVT-00275,TRP-009,ST-009,2023-24,2023-10-15 00:00,2023-10-17 00:00,BG-Sentinel,Successful,Valid,Officer E,,data_generator,2023-10-17
EVT-00276,TRP-009,ST-009,2023-24,2023-10-22 00:00,2023-10-24 00:00,BG-Sentinel,Successful,Valid,Officer C,,data_generator,2023-10-24
EVT-00277,TRP-009,ST-009,2023-24,2023-10-29 00:00,2023-10-31 00:00,BG-Sentinel,Successful,Valid,Officer D,,data_generator,2023-10-31
EVT-00278,TRP-009,ST-009,2023-24,2023-11-05 00:00,2023-11-07 00:00,BG-Sentinel,Successful,Valid,Officer A,,data_generator,2023-11-07
EVT-00279,TRP-009,ST-009,2023-24,2023-11-12 00:00,2023-11-14 00:00,BG-Sentinel,Successful,Valid,Officer C,,data_generator,2023-11-14
EVT-00280,TRP-009,ST-009,2023-24,2023-11-19 00:00,2023-11-21 00:00,BG-Sentinel,Successful,Valid,Officer D,,data_generator,2023-11-21
EVT-00281,TRP-009,ST-009,2023-24,2023-11-26 00:00,2023-11-28 00:00,BG-Sentinel,Successful,Valid,Officer B,,data_generator,2023-11-28
EVT-00282,TRP-009,ST-009,2023-24,2023-12-03 00:00,2023-12-05 00:00,BG-Sentinel,Successful,Valid,Officer A,,data_generator,2023-12-05
EVT-00283,TRP-009,ST-009,2023-24,2023-12-10 00:00,2023-12-12 00:00,BG-Sentinel,Successful,Valid,Officer A,,data_generator,2023-12-12
EVT-00284,TRP-009,ST-009,2023-24,2023-12-17 00:00,2023-12-19 00:00,BG-Sentinel,Missing,N/A,Officer E,,data_generator,2023-12-19
EVT-00285,TRP-009,ST-009,2023-24,2023-12-24 00:00,2023-12-26 00:00,BG-Sentinel,Successful,Valid,Officer A,,data_generator,2023-12-26
EVT-00286,TRP-009,ST-009,2023-24,2023-12-31 00:00,2024-01-02 00:00,BG-Sentinel,Failed - Equipment/Battery,Invalid,Officer F,,data_generator,2024-01-02
EVT-00287,TRP-009,ST-009,2023-24,2024-01-07 00:00,2024-01-09 00:00,BG-Sentinel,Successful,Valid,Officer E,,data_generator,2024-01-09
EVT-00288,TRP-009,ST-009,2023-24,2024-01-14 00:00,2024-01-16 00:00,BG-Sentinel,Successful,Valid,Officer C,,data_generator,2024-01-16
EVT-00289,TRP-009,ST-009,2023-24,2024-01-21 00:00,2024-01-23 00:00,BG-Sentinel,Successful,Valid,Officer F,,data_generator,2024-01-23
EVT-00290,TRP-009,ST-009,2023-24,2024-01-28 00:00,2024-01-30 00:00,BG-Sentinel,Successful,Valid,Officer C,,data_generator,2024-01-30
EVT-00291,TRP-009,ST-009,2023-24,2024-02-04 00:00,2024-02-06 00:00,BG-Sentinel,Successful,Valid,Officer F,,data_generator,2024-02-06
EVT-00292,TRP-009,ST-009,2023-24,2024-02-11 00:00,2024-02-13 00:00,BG-Sentinel,Successful,Valid,Officer F,,data_generator,2024-02-13
EVT-00293,TRP-009,ST-009,2023-24,2024-02-18 00:00,2024-02-20 00:00,BG-Sentinel,Successful,Valid,Officer C,,data_generator,2024-02-20
EVT-00294,TRP-009,ST-009,2023-24,2024-02-25 00:00,2024-02-27 00:00,BG-Sentinel,Successful,Valid,Officer C,,data_generator,2024-02-27
EVT-00295,TRP-009,ST-009,2023-24,2024-03-03 00:00,2024-03-05 00:00,BG-Sentinel,Successful,Valid,Officer D,,data_generator,2024-03-05
EVT-00296,TRP-009,ST-009,2023-24,2024-03-10 00:00,2024-03-12 00:00,BG-Sentinel,Successful,Valid,Officer C,,data_generator,2024-03-12
EVT-00297,TRP-009,ST-009,2023-24,2024-03-17 00:00,2024-03-19 00:00,BG-Sentinel,Successful,Valid,Officer D,,data_generator,2024-03-19
EVT-00298,TRP-009,ST-009,2023-24,2024-03-24 00:00,2024-03-26 00:00,BG-Sentinel,Successful,Valid,Officer E,,data_generator,2024-03-26
EVT-00299,TRP-009,ST-009,2023-24,2024-03-31 00:00,2024-04-02 00:00,BG-Sentinel,Successful,Valid,Officer F,,data_generator,2024-04-02
EVT-00300,TRP-009,ST-009,2023-24,2024-04-07 00:00,2024-04-09 00:00,BG-Sentinel,Successful,Valid,Officer A,,data_generator,2024-04-09
EVT-00301,TRP-009,ST-009,2023-24,2024-04-14 00:00,2024-04-16 00:00,BG-Sentinel,Successful,Valid,Officer D,,data_generator,2024-04-16
EVT-00302,TRP-009,ST-009,2023-24,2024-04-21 00:00,2024-04-23 00:00,BG-Sentinel,Successful,Valid,Officer D,,data_generator,2024-04-23
EVT-00303,TRP-009,ST-009,2023-24,2024-04-28 00:00,2024-04-30 00:00,BG-Sentinel,Successful,Valid,Officer F,,data_generator,2024-04-30
EVT-00304,TRP-009,ST-009,2023-24,2024-05-05 00:00,2024-05-07 00:00,BG-Sentinel,Successful,Valid,Officer E,,data_generator,2024-05-07
EVT-00305,TRP-009,ST-009,2023-24,2024-05-12 00:00,2024-05-14 00:00,BG-Sentinel,Successful,Valid,Officer D,,data_generator,2024-05-14
EVT-00306,TRP-009,ST-009,2023-24,2024-05-19 00:00,2024-05-21 00:00,BG-Sentinel,Successful,Valid,Officer A,,data_generator,2024-05-21
EVT-00307,TRP-010,ST-010,2023-24,2023-10-01 00:00,2023-10-03 00:00,CDC Light Trap,Successful,Valid,Officer B,,data_generator,2023-10-03
EVT-00308,TRP-010,ST-010,2023-24,2023-10-08 00:00,2023-10-10 00:00,CDC Light Trap,Successful,Valid,Officer C,,data_generator,2023-10-10
EVT-00309,TRP-010,ST-010,2023-24,2023-10-15 00:00,2023-10-17 00:00,CDC Light Trap,Successful,Valid,Officer C,,data_generator,2023-10-17
EVT-00310,TRP-010,ST-010,2023-24,2023-10-22 00:00,2023-10-24 00:00,CDC Light Trap,Successful,Valid,Officer D,,data_generator,2023-10-24
EVT-00311,TRP-010,ST-010,2023-24,2023-10-29 00:00,2023-10-31 00:00,CDC Light Trap,Successful,Valid,Officer F,,data_generator,2023-10-31
EVT-00312,TRP-010,ST-010,2023-24,2023-11-05 00:00,2023-11-07 00:00,CDC Light Trap,Successful,Valid,Officer D,,data_generator,2023-11-07
EVT-00313,TRP-010,ST-010,2023-24,2023-11-12 00:00,2023-11-14 00:00,CDC Light Trap,Successful,Valid,Officer D,,data_generator,2023-11-14
EVT-00314,TRP-010,ST-010,2023-24,2023-11-19 00:00,2023-11-21 00:00,CDC Light Trap,Successful,Valid,Officer B,,data_generator,2023-11-21
EVT-00315,TRP-010,ST-010,2023-24,2023-11-26 00:00,2023-11-28 00:00,CDC Light Trap,Successful,Valid,Officer A,,data_generator,2023-11-28
EVT-00316,TRP-010,ST-010,2023-24,2023-12-03 00:00,2023-12-05 00:00,CDC Light Trap,Missing,N/A,Officer C,,data_generator,2023-12-05
EVT-00317,TRP-010,ST-010,2023-24,2023-12-10 00:00,2023-12-12 00:00,CDC Light Trap,Successful,Valid,Officer A,,data_generator,2023-12-12
EVT-00318,TRP-010,ST-010,2023-24,2023-12-17 00:00,2023-12-19 00:00,CDC Light Trap,Missing,N/A,Officer A,,data_generator,2023-12-19
EVT-00319,TRP-010,ST-010,2023-24,2023-12-24 00:00,2023-12-26 00:00,CDC Light Trap,Successful,Valid,Officer B,,data_generator,2023-12-26
EVT-00320,TRP-010,ST-010,2023-24,2023-12-31 00:00,2024-01-02 00:00,CDC Light Trap,Successful,Valid,Officer F,,data_generator,2024-01-02
EVT-00321,TRP-010,ST-010,2023-24,2024-01-07 00:00,2024-01-09 00:00,CDC Light Trap,Successful,Valid,Officer C,,data_generator,2024-01-09
EVT-00322,TRP-010,ST-010,2023-24,2024-01-14 00:00,2024-01-16 00:00,CDC Light Trap,Successful,Valid,Officer D,,data_generator,2024-01-16
EVT-00323,TRP-010,ST-010,2023-24,2024-01-21 00:00,2024-01-23 00:00,CDC Light Trap,Successful,Valid,Officer F,,data_generator,2024-01-23
EVT-00324,TRP-010,ST-010,2023-24,2024-01-28 00:00,2024-01-30 00:00,CDC Light Trap,Successful,Valid,Officer F,,data_generator,2024-01-30
EVT-00325,TRP-010,ST-010,2023-24,2024-02-04 00:00,2024-02-06 00:00,CDC Light Trap,Successful,Valid,Officer B,,data_generator,2024-02-06
EVT-00326,TRP-010,ST-010,2023-24,2024-02-11 00:00,2024-02-13 00:00,CDC Light Trap,Successful,Valid,Officer B,,data_generator,2024-02-13
EVT-00327,TRP-010,ST-010,2023-24,2024-02-18 00:00,2024-02-20 00:00,CDC Light Trap,Successful,Valid,Officer F,,data_generator,2024-02-20
EVT-00328,TRP-010,ST-010,2023-24,2024-02-25 00:00,2024-02-27 00:00,CDC Light Trap,Successful,Valid,Officer F,,data_generator,2024-02-27
EVT-00329,TRP-010,ST-010,2023-24,2024-03-03 00:00,2024-03-05 00:00,CDC Light Trap,Successful,Valid,Officer F,,data_generator,2024-03-05
EVT-00330,TRP-010,ST-010,2023-24,2024-03-10 00:00,2024-03-12 00:00,CDC Light Trap,Successful,Valid,Officer A,,data_generator,2024-03-12
EVT-00331,TRP-010,ST-010,2023-24,2024-03-17 00:00,2024-03-19 00:00,CDC Light Trap,Successful,Valid,Officer B,,data_generator,2024-03-19
EVT-00332,TRP-010,ST-010,2023-24,2024-03-24 00:00,2024-03-26 00:00,CDC Light Trap,Successful,Valid,Officer B,,data_generator,2024-03-26
EVT-00333,TRP-010,ST-010,2023-24,2024-03-31 00:00,2024-04-02 00:00,CDC Light Trap,Failed - Equipment/Battery,Invalid,Officer C,,data_generator,2024-04-02
EVT-00334,TRP-010,ST-010,2023-24,2024-04-07 00:00,2024-04-09 00:00,CDC Light Trap,Missing,N/A,Officer E,,data_generator,2024-04-09
EVT-00335,TRP-010,ST-010,2023-24,2024-04-14 00:00,2024-04-16 00:00,CDC Light Trap,Successful,Valid,Officer C,,data_generator,2024-04-16
EVT-00336,TRP-010,ST-010,2023-24,2024-04-21 00:00,2024-04-23 00:00,CDC Light Trap,Successful,Valid,Officer E,,data_generator,2024-04-23
EVT-00337,TRP-010,ST-010,2023-24,2024-04-28 00:00,2024-04-30 00:00,CDC Light Trap,Successful,Valid,Officer B,,data_generator,2024-04-30
EVT-00338,TRP-010,ST-010,2023-24,2024-05-05 00:00,2024-05-07 00:00,CDC Light Trap,Successful,Valid,Officer D,,data_generator,2024-05-07
EVT-00339,TRP-010,ST-010,2023-24,2024-05-12 00:00,2024-05-14 00:00,CDC Light Trap,Successful,Valid,Officer A,,data_generator,2024-05-14
EVT-00340,TRP-010,ST-010,2023-24,2024-05-19 00:00,2024-05-21 00:00,CDC Light Trap,Successful,Valid,Officer A,,data_generator,2024-05-21
EVT-00341,TRP-011,ST-010,2023-24,2023-10-01 00:00,2023-10-03 00:00,EVS (CO2-baited),Successful,Valid,Officer E,,data_generator,2023-10-03
EVT-00342,TRP-011,ST-010,2023-24,2023-10-08 00:00,2023-10-10 00:00,EVS (CO2-baited),Successful,Valid,Officer A,,data_generator,2023-10-10
EVT-00343,TRP-011,ST-010,2023-24,2023-10-15 00:00,2023-10-17 00:00,EVS (CO2-baited),Successful,Valid,Officer B,,data_generator,2023-10-17
EVT-00344,TRP-011,ST-010,2023-24,2023-10-22 00:00,2023-10-24 00:00,EVS (CO2-baited),Successful,Valid,Officer D,,data_generator,2023-10-24
EVT-00345,TRP-011,ST-010,2023-24,2023-10-29 00:00,2023-10-31 00:00,EVS (CO2-baited),Successful,Valid,Officer F,,data_generator,2023-10-31
EVT-00346,TRP-011,ST-010,2023-24,2023-11-05 00:00,2023-11-07 00:00,EVS (CO2-baited),Successful,Valid,Officer A,,data_generator,2023-11-07
EVT-00347,TRP-011,ST-010,2023-24,2023-11-12 00:00,2023-11-14 00:00,EVS (CO2-baited),Failed - Equipment/Battery,Invalid,Officer D,,data_generator,2023-11-14
EVT-00348,TRP-011,ST-010,2023-24,2023-11-19 00:00,2023-11-21 00:00,EVS (CO2-baited),Successful,Valid,Officer B,,data_generator,2023-11-21
EVT-00349,TRP-011,ST-010,2023-24,2023-11-26 00:00,2023-11-28 00:00,EVS (CO2-baited),Successful,Valid,Officer B,,data_generator,2023-11-28
EVT-00350,TRP-011,ST-010,2023-24,2023-12-03 00:00,2023-12-05 00:00,EVS (CO2-baited),Missing,N/A,Officer A,,data_generator,2023-12-05
EVT-00351,TRP-011,ST-010,2023-24,2023-12-10 00:00,2023-12-12 00:00,EVS (CO2-baited),Successful,Valid,Officer D,,data_generator,2023-12-12
EVT-00352,TRP-011,ST-010,2023-24,2023-12-17 00:00,2023-12-19 00:00,EVS (CO2-baited),Successful,Valid,Officer A,,data_generator,2023-12-19
EVT-00353,TRP-011,ST-010,2023-24,2023-12-24 00:00,2023-12-26 00:00,EVS (CO2-baited),Successful,Valid,Officer C,,data_generator,2023-12-26
EVT-00354,TRP-011,ST-010,2023-24,2023-12-31 00:00,2024-01-02 00:00,EVS (CO2-baited),Successful,Valid,Officer B,,data_generator,2024-01-02
EVT-00355,TRP-011,ST-010,2023-24,2024-01-07 00:00,2024-01-09 00:00,EVS (CO2-baited),Successful,Valid,Officer E,,data_generator,2024-01-09
EVT-00356,TRP-011,ST-010,2023-24,2024-01-14 00:00,2024-01-16 00:00,EVS (CO2-baited),Successful,Valid,Officer F,,data_generator,2024-01-16
EVT-00357,TRP-011,ST-010,2023-24,2024-01-21 00:00,2024-01-23 00:00,EVS (CO2-baited),Successful,Valid,Officer F,,data_generator,2024-01-23
EVT-00358,TRP-011,ST-010,2023-24,2024-01-28 00:00,2024-01-30 00:00,EVS (CO2-baited),Successful,Valid,Officer B,,data_generator,2024-01-30
EVT-00359,TRP-011,ST-010,2023-24,2024-02-04 00:00,2024-02-06 00:00,EVS (CO2-baited),Missing,N/A,Officer E,,data_generator,2024-02-06
EVT-00360,TRP-011,ST-010,2023-24,2024-02-11 00:00,2024-02-13 00:00,EVS (CO2-baited),Successful,Valid,Officer B,,data_generator,2024-02-13
EVT-00361,TRP-011,ST-010,2023-24,2024-02-18 00:00,2024-02-20 00:00,EVS (CO2-baited),Successful,Valid,Officer A,,data_generator,2024-02-20
EVT-00362,TRP-011,ST-010,2023-24,2024-02-25 00:00,2024-02-27 00:00,EVS (CO2-baited),Successful,Valid,Officer C,,data_generator,2024-02-27
EVT-00363,TRP-011,ST-010,2023-24,2024-03-03 00:00,2024-03-05 00:00,EVS (CO2-baited),Successful,Valid,Officer F,,data_generator,2024-03-05
EVT-00364,TRP-011,ST-010,2023-24,2024-03-10 00:00,2024-03-12 00:00,EVS (CO2-baited),Successful,Valid,Officer E,,data_generator,2024-03-12
EVT-00365,TRP-011,ST-010,2023-24,2024-03-17 00:00,2024-03-19 00:00,EVS (CO2-baited),Successful,Valid,Officer B,,data_generator,2024-03-19
EVT-00366,TRP-011,ST-010,2023-24,2024-03-24 00:00,2024-03-26 00:00,EVS (CO2-baited),Successful,Valid,Officer E,,data_generator,2024-03-26
EVT-00367,TRP-011,ST-010,2023-24,2024-03-31 00:00,2024-04-02 00:00,EVS (CO2-baited),Successful,Valid,Officer A,,data_generator,2024-04-02
EVT-00368,TRP-011,ST-010,2023-24,2024-04-07 00:00,2024-04-09 00:00,EVS (CO2-baited),Missing,N/A,Officer E,,data_generator,2024-04-09
EVT-00369,TRP-011,ST-010,2023-24,2024-04-14 00:00,2024-04-16 00:00,EVS (CO2-baited),Successful,Valid,Officer E,,data_generator,2024-04-16
EVT-00370,TRP-011,ST-010,2023-24,2024-04-21 00:00,2024-04-23 00:00,EVS (CO2-baited),Successful,Valid,Officer D,,data_generator,2024-04-23
EVT-00371,TRP-011,ST-010,2023-24,2024-04-28 00:00,2024-04-30 00:00,EVS (CO2-baited),Successful,Valid,Officer E,,data_generator,2024-04-30
EVT-00372,TRP-011,ST-010,2023-24,2024-05-05 00:00,2024-05-07 00:00,EVS (CO2-baited),Successful,Valid,Officer F,,data_generator,2024-05-07
EVT-00373,TRP-011,ST-010,2023-24,2024-05-12 00:00,2024-05-14 00:00,EVS (CO2-baited),Successful,Valid,Officer F,,data_generator,2024-05-14
EVT-00374,TRP-011,ST-010,2023-24,2024-05-19 00:00,2024-05-21 00:00,EVS (CO2-baited),Successful,Valid,Officer D,,data_generator,2024-05-21
EVT-00375,TRP-012,ST-011,2023-24,2023-10-01 00:00,2023-10-03 00:00,EVS (CO2-baited),Successful,Valid,Officer C,,data_generator,2023-10-03
EVT-00376,TRP-012,ST-011,2023-24,2023-10-08 00:00,2023-10-10 00:00,EVS (CO2-baited),Successful,Valid,Officer F,,data_generator,2023-10-10
EVT-00377,TRP-012,ST-011,2023-24,2023-10-15 00:00,2023-10-17 00:00,EVS (CO2-baited),Successful,Valid,Officer B,,data_generator,2023-10-17
EVT-00378,TRP-012,ST-011,2023-24,2023-10-22 00:00,2023-10-24 00:00,EVS (CO2-baited),Successful,Valid,Officer D,,data_generator,2023-10-24
EVT-00379,TRP-012,ST-011,2023-24,2023-10-29 00:00,2023-10-31 00:00,EVS (CO2-baited),Successful,Valid,Officer F,,data_generator,2023-10-31
EVT-00380,TRP-012,ST-011,2023-24,2023-11-05 00:00,2023-11-07 00:00,EVS (CO2-baited),Successful,Valid,Officer A,,data_generator,2023-11-07
EVT-00381,TRP-012,ST-011,2023-24,2023-11-12 00:00,2023-11-14 00:00,EVS (CO2-baited),Successful,Valid,Officer D,,data_generator,2023-11-14
EVT-00382,TRP-012,ST-011,2023-24,2023-11-19 00:00,2023-11-21 00:00,EVS (CO2-baited),Successful,Valid,Officer A,,data_generator,2023-11-21
EVT-00383,TRP-012,ST-011,2023-24,2023-11-26 00:00,2023-11-28 00:00,EVS (CO2-baited),Successful,Valid,Officer E,,data_generator,2023-11-28
EVT-00384,TRP-012,ST-011,2023-24,2023-12-03 00:00,2023-12-05 00:00,EVS (CO2-baited),Successful,Valid,Officer A,,data_generator,2023-12-05
EVT-00385,TRP-012,ST-011,2023-24,2023-12-10 00:00,2023-12-12 00:00,EVS (CO2-baited),Successful,Valid,Officer E,,data_generator,2023-12-12
EVT-00386,TRP-012,ST-011,2023-24,2023-12-17 00:00,2023-12-19 00:00,EVS (CO2-baited),Successful,Valid,Officer A,,data_generator,2023-12-19
EVT-00387,TRP-012,ST-011,2023-24,2023-12-24 00:00,2023-12-26 00:00,EVS (CO2-baited),Successful,Valid,Officer D,,data_generator,2023-12-26
EVT-00388,TRP-012,ST-011,2023-24,2023-12-31 00:00,2024-01-02 00:00,EVS (CO2-baited),Successful,Valid,Officer E,,data_generator,2024-01-02
EVT-00389,TRP-012,ST-011,2023-24,2024-01-07 00:00,2024-01-09 00:00,EVS (CO2-baited),Successful,Valid,Officer C,,data_generator,2024-01-09
EVT-00390,TRP-012,ST-011,2023-24,2024-01-14 00:00,2024-01-16 00:00,EVS (CO2-baited),Successful,Valid,Officer B,,data_generator,2024-01-16
EVT-00391,TRP-012,ST-011,2023-24,2024-01-21 00:00,2024-01-23 00:00,EVS (CO2-baited),Successful,Valid,Officer A,,data_generator,2024-01-23
EVT-00392,TRP-012,ST-011,2023-24,2024-01-28 00:00,2024-01-30 00:00,EVS (CO2-baited),Failed - Equipment/Battery,Invalid,Officer F,,data_generator,2024-01-30
EVT-00393,TRP-012,ST-011,2023-24,2024-02-04 00:00,2024-02-06 00:00,EVS (CO2-baited),Successful,Valid,Officer D,,data_generator,2024-02-06
EVT-00394,TRP-012,ST-011,2023-24,2024-02-11 00:00,2024-02-13 00:00,EVS (CO2-baited),Successful,Valid,Officer F,,data_generator,2024-02-13
EVT-00395,TRP-012,ST-011,2023-24,2024-02-18 00:00,2024-02-20 00:00,EVS (CO2-baited),Successful,Valid,Officer B,,data_generator,2024-02-20
EVT-00396,TRP-012,ST-011,2023-24,2024-02-25 00:00,2024-02-27 00:00,EVS (CO2-baited),Successful,Valid,Officer E,,data_generator,2024-02-27
EVT-00397,TRP-012,ST-011,2023-24,2024-03-03 00:00,2024-03-05 00:00,EVS (CO2-baited),Partial,Valid,Officer E,,data_generator,2024-03-05
EVT-00398,TRP-012,ST-011,2023-24,2024-03-10 00:00,2024-03-12 00:00,EVS (CO2-baited),Missing,N/A,Officer E,,data_generator,2024-03-12
EVT-00399,TRP-012,ST-011,2023-24,2024-03-17 00:00,2024-03-19 00:00,EVS (CO2-baited),Successful,Valid,Officer E,,data_generator,2024-03-19
EVT-00400,TRP-012,ST-011,2023-24,2024-03-24 00:00,2024-03-26 00:00,EVS (CO2-baited),Successful,Valid,Officer E,,data_generator,2024-03-26
EVT-00401,TRP-012,ST-011,2023-24,2024-03-31 00:00,2024-04-02 00:00,EVS (CO2-baited),Successful,Valid,Officer E,,data_generator,2024-04-02
EVT-00402,TRP-012,ST-011,2023-24,2024-04-07 00:00,2024-04-09 00:00,EVS (CO2-baited),Successful,Valid,Officer E,,data_generator,2024-04-09
EVT-00403,TRP-012,ST-011,2023-24,2024-04-14 00:00,2024-04-16 00:00,EVS (CO2-baited),Successful,Valid,Officer C,,data_generator,2024-04-16
EVT-00404,TRP-012,ST-011,2023-24,2024-04-21 00:00,2024-04-23 00:00,EVS (CO2-baited),Successful,Valid,Officer A,,data_generator,2024-04-23
EVT-00405,TRP-012,ST-011,2023-24,2024-04-28 00:00,2024-04-30 00:00,EVS (CO2-baited),Successful,Valid,Officer B,,data_generator,2024-04-30
EVT-00406,TRP-012,ST-011,2023-24,2024-05-05 00:00,2024-05-07 00:00,EVS (CO2-baited),Successful,Valid,Officer A,,data_generator,2024-05-07
EVT-00407,TRP-012,ST-011,2023-24,2024-05-12 00:00,2024-05-14 00:00,EVS (CO2-baited),Failed - Equipment/Battery,Invalid,Officer C,,data_generator,2024-05-14
EVT-00408,TRP-012,ST-011,2023-24,2024-05-19 00:00,2024-05-21 00:00,EVS (CO2-baited),Successful,Valid,Officer A,,data_generator,2024-05-21
EVT-00409,TRP-013,ST-012,2023-24,2023-10-01 00:00,2023-10-03 00:00,CDC Light Trap,Successful,Valid,Officer E,,data_generator,2023-10-03
EVT-00410,TRP-013,ST-012,2023-24,2023-10-08 00:00,2023-10-10 00:00,CDC Light Trap,Successful,Valid,Officer B,,data_generator,2023-10-10
EVT-00411,TRP-013,ST-012,2023-24,2023-10-15 00:00,2023-10-17 00:00,CDC Light Trap,Successful,Valid,Officer F,,data_generator,2023-10-17
EVT-00412,TRP-013,ST-012,2023-24,2023-10-22 00:00,2023-10-24 00:00,CDC Light Trap,Successful,Valid,Officer F,,data_generator,2023-10-24
EVT-00413,TRP-013,ST-012,2023-24,2023-10-29 00:00,2023-10-31 00:00,CDC Light Trap,Successful,Valid,Officer E,,data_generator,2023-10-31
EVT-00414,TRP-013,ST-012,2023-24,2023-11-05 00:00,2023-11-07 00:00,CDC Light Trap,Successful,Valid,Officer F,,data_generator,2023-11-07
EVT-00415,TRP-013,ST-012,2023-24,2023-11-12 00:00,2023-11-14 00:00,CDC Light Trap,Successful,Valid,Officer F,,data_generator,2023-11-14
EVT-00416,TRP-013,ST-012,2023-24,2023-11-19 00:00,2023-11-21 00:00,CDC Light Trap,Successful,Valid,Officer B,,data_generator,2023-11-21
EVT-00417,TRP-013,ST-012,2023-24,2023-11-26 00:00,2023-11-28 00:00,CDC Light Trap,Successful,Valid,Officer E,,data_generator,2023-11-28
EVT-00418,TRP-013,ST-012,2023-24,2023-12-03 00:00,2023-12-05 00:00,CDC Light Trap,Successful,Valid,Officer D,,data_generator,2023-12-05
EVT-00419,TRP-013,ST-012,2023-24,2023-12-10 00:00,2023-12-12 00:00,CDC Light Trap,Successful,Valid,Officer B,,data_generator,2023-12-12
EVT-00420,TRP-013,ST-012,2023-24,2023-12-17 00:00,2023-12-19 00:00,CDC Light Trap,Successful,Valid,Officer C,,data_generator,2023-12-19
EVT-00421,TRP-013,ST-012,2023-24,2023-12-24 00:00,2023-12-26 00:00,CDC Light Trap,Failed - Equipment/Battery,Invalid,Officer D,,data_generator,2023-12-26
EVT-00422,TRP-013,ST-012,2023-24,2023-12-31 00:00,2024-01-02 00:00,CDC Light Trap,Successful,Valid,Officer F,,data_generator,2024-01-02
EVT-00423,TRP-013,ST-012,2023-24,2024-01-07 00:00,2024-01-09 00:00,CDC Light Trap,Successful,Valid,Officer B,,data_generator,2024-01-09
EVT-00424,TRP-013,ST-012,2023-24,2024-01-14 00:00,2024-01-16 00:00,CDC Light Trap,Successful,Valid,Officer E,,data_generator,2024-01-16
EVT-00425,TRP-013,ST-012,2023-24,2024-01-21 00:00,2024-01-23 00:00,CDC Light Trap,Successful,Valid,Officer F,,data_generator,2024-01-23
EVT-00426,TRP-013,ST-012,2023-24,2024-01-28 00:00,2024-01-30 00:00,CDC Light Trap,Successful,Valid,Officer D,,data_generator,2024-01-30
EVT-00427,TRP-013,ST-012,2023-24,2024-02-04 00:00,2024-02-06 00:00,CDC Light Trap,Successful,Valid,Officer F,,data_generator,2024-02-06
EVT-00428,TRP-013,ST-012,2023-24,2024-02-11 00:00,2024-02-13 00:00,CDC Light Trap,Successful,Valid,Officer C,,data_generator,2024-02-13
EVT-00429,TRP-013,ST-012,2023-24,2024-02-18 00:00,2024-02-20 00:00,CDC Light Trap,Successful,Valid,Officer D,,data_generator,2024-02-20
EVT-00430,TRP-013,ST-012,2023-24,2024-02-25 00:00,2024-02-27 00:00,CDC Light Trap,Successful,Valid,Officer C,,data_generator,2024-02-27
EVT-00431,TRP-013,ST-012,2023-24,2024-03-03 00:00,2024-03-05 00:00,CDC Light Trap,Successful,Valid,Officer C,,data_generator,2024-03-05
EVT-00432,TRP-013,ST-012,2023-24,2024-03-10 00:00,2024-03-12 00:00,CDC Light Trap,Successful,Valid,Officer E,,data_generator,2024-03-12
EVT-00433,TRP-013,ST-012,2023-24,2024-03-17 00:00,2024-03-19 00:00,CDC Light Trap,Successful,Valid,Officer E,,data_generator,2024-03-19
EVT-00434,TRP-013,ST-012,2023-24,2024-03-24 00:00,2024-03-26 00:00,CDC Light Trap,Successful,Valid,Officer B,,data_generator,2024-03-26
EVT-00435,TRP-013,ST-012,2023-24,2024-03-31 00:00,2024-04-02 00:00,CDC Light Trap,Successful,Valid,Officer E,,data_generator,2024-04-02
EVT-00436,TRP-013,ST-012,2023-24,2024-04-07 00:00,2024-04-09 00:00,CDC Light Trap,Successful,Valid,Officer D,,data_generator,2024-04-09
EVT-00437,TRP-013,ST-012,2023-24,2024-04-14 00:00,2024-04-16 00:00,CDC Light Trap,Successful,Valid,Officer B,,data_generator,2024-04-16
EVT-00438,TRP-013,ST-012,2023-24,2024-04-21 00:00,2024-04-23 00:00,CDC Light Trap,Successful,Valid,Officer D,,data_generator,2024-04-23
EVT-00439,TRP-013,ST-012,2023-24,2024-04-28 00:00,2024-04-30 00:00,CDC Light Trap,Successful,Valid,Officer A,,data_generator,2024-04-30
EVT-00440,TRP-013,ST-012,2023-24,2024-05-05 00:00,2024-05-07 00:00,CDC Light Trap,Successful,Valid,Officer E,,data_generator,2024-05-07
EVT-00441,TRP-013,ST-012,2023-24,2024-05-12 00:00,2024-05-14 00:00,CDC Light Trap,Successful,Valid,Officer E,,data_generator,2024-05-14
EVT-00442,TRP-013,ST-012,2023-24,2024-05-19 00:00,2024-05-21 00:00,CDC Light Trap,Successful,Valid,Officer D,,data_generator,2024-05-21
EVT-00443,TRP-014,ST-013,2023-24,2023-10-01 00:00,2023-10-03 00:00,Gravid Trap,Successful,Valid,Officer E,,data_generator,2023-10-03
EVT-00444,TRP-014,ST-013,2023-24,2023-10-08 00:00,2023-10-10 00:00,Gravid Trap,Successful,Valid,Officer C,,data_generator,2023-10-10
EVT-00445,TRP-014,ST-013,2023-24,2023-10-15 00:00,2023-10-17 00:00,Gravid Trap,Successful,Valid,Officer C,,data_generator,2023-10-17
EVT-00446,TRP-014,ST-013,2023-24,2023-10-22 00:00,2023-10-24 00:00,Gravid Trap,Successful,Valid,Officer B,,data_generator,2023-10-24
EVT-00447,TRP-014,ST-013,2023-24,2023-10-29 00:00,2023-10-31 00:00,Gravid Trap,Successful,Valid,Officer E,,data_generator,2023-10-31
EVT-00448,TRP-014,ST-013,2023-24,2023-11-05 00:00,2023-11-07 00:00,Gravid Trap,Successful,Valid,Officer D,,data_generator,2023-11-07
EVT-00449,TRP-014,ST-013,2023-24,2023-11-12 00:00,2023-11-14 00:00,Gravid Trap,Successful,Valid,Officer B,,data_generator,2023-11-14
EVT-00450,TRP-014,ST-013,2023-24,2023-11-19 00:00,2023-11-21 00:00,Gravid Trap,Successful,Valid,Officer D,,data_generator,2023-11-21
EVT-00451,TRP-014,ST-013,2023-24,2023-11-26 00:00,2023-11-28 00:00,Gravid Trap,Successful,Valid,Officer E,,data_generator,2023-11-28
EVT-00452,TRP-014,ST-013,2023-24,2023-12-03 00:00,2023-12-05 00:00,Gravid Trap,Successful,Valid,Officer E,,data_generator,2023-12-05
EVT-00453,TRP-014,ST-013,2023-24,2023-12-10 00:00,2023-12-12 00:00,Gravid Trap,Successful,Valid,Officer B,,data_generator,2023-12-12
EVT-00454,TRP-014,ST-013,2023-24,2023-12-17 00:00,2023-12-19 00:00,Gravid Trap,Successful,Valid,Officer E,,data_generator,2023-12-19
EVT-00455,TRP-014,ST-013,2023-24,2023-12-24 00:00,2023-12-26 00:00,Gravid Trap,Successful,Valid,Officer F,,data_generator,2023-12-26
EVT-00456,TRP-014,ST-013,2023-24,2023-12-31 00:00,2024-01-02 00:00,Gravid Trap,Successful,Valid,Officer B,,data_generator,2024-01-02
EVT-00457,TRP-014,ST-013,2023-24,2024-01-07 00:00,2024-01-09 00:00,Gravid Trap,Successful,Valid,Officer C,,data_generator,2024-01-09
EVT-00458,TRP-014,ST-013,2023-24,2024-01-14 00:00,2024-01-16 00:00,Gravid Trap,Successful,Valid,Officer A,,data_generator,2024-01-16
EVT-00459,TRP-014,ST-013,2023-24,2024-01-21 00:00,2024-01-23 00:00,Gravid Trap,Successful,Valid,Officer B,,data_generator,2024-01-23
EVT-00460,TRP-014,ST-013,2023-24,2024-01-28 00:00,2024-01-30 00:00,Gravid Trap,Successful,Valid,Officer A,,data_generator,2024-01-30
EVT-00461,TRP-014,ST-013,2023-24,2024-02-04 00:00,2024-02-06 00:00,Gravid Trap,Successful,Valid,Officer D,,data_generator,2024-02-06
EVT-00462,TRP-014,ST-013,2023-24,2024-02-11 00:00,2024-02-13 00:00,Gravid Trap,Successful,Valid,Officer A,,data_generator,2024-02-13
EVT-00463,TRP-014,ST-013,2023-24,2024-02-18 00:00,2024-02-20 00:00,Gravid Trap,Successful,Valid,Officer C,,data_generator,2024-02-20
EVT-00464,TRP-014,ST-013,2023-24,2024-02-25 00:00,2024-02-27 00:00,Gravid Trap,Successful,Valid,Officer B,,data_generator,2024-02-27
EVT-00465,TRP-014,ST-013,2023-24,2024-03-03 00:00,2024-03-05 00:00,Gravid Trap,Successful,Valid,Officer A,,data_generator,2024-03-05
EVT-00466,TRP-014,ST-013,2023-24,2024-03-10 00:00,2024-03-12 00:00,Gravid Trap,Partial,Valid,Officer E,,data_generator,2024-03-12
EVT-00467,TRP-014,ST-013,2023-24,2024-03-17 00:00,2024-03-19 00:00,Gravid Trap,Successful,Valid,Officer A,,data_generator,2024-03-19
EVT-00468,TRP-014,ST-013,2023-24,2024-03-24 00:00,2024-03-26 00:00,Gravid Trap,Successful,Valid,Officer E,,data_generator,2024-03-26
EVT-00469,TRP-014,ST-013,2023-24,2024-03-31 00:00,2024-04-02 00:00,Gravid Trap,Successful,Valid,Officer C,,data_generator,2024-04-02
EVT-00470,TRP-014,ST-013,2023-24,2024-04-07 00:00,2024-04-09 00:00,Gravid Trap,Successful,Valid,Officer C,,data_generator,2024-04-09
EVT-00471,TRP-014,ST-013,2023-24,2024-04-14 00:00,2024-04-16 00:00,Gravid Trap,Successful,Valid,Officer A,,data_generator,2024-04-16
EVT-00472,TRP-014,ST-013,2023-24,2024-04-21 00:00,2024-04-23 00:00,Gravid Trap,Successful,Valid,Officer B,,data_generator,2024-04-23
EVT-00473,TRP-014,ST-013,2023-24,2024-04-28 00:00,2024-04-30 00:00,Gravid Trap,Successful,Valid,Officer B,,data_generator,2024-04-30
EVT-00474,TRP-014,ST-013,2023-24,2024-05-05 00:00,2024-05-07 00:00,Gravid Trap,Successful,Valid,Officer A,,data_generator,2024-05-07
EVT-00475,TRP-014,ST-013,2023-24,2024-05-12 00:00,2024-05-14 00:00,Gravid Trap,Successful,Valid,Officer E,,data_generator,2024-05-14
EVT-00476,TRP-014,ST-013,2023-24,2024-05-19 00:00,2024-05-21 00:00,Gravid Trap,Successful,Valid,Officer F,,data_generator,2024-05-21
EVT-00477,TRP-015,ST-014,2023-24,2023-10-01 00:00,2023-10-03 00:00,CDC Light Trap,Successful,Valid,Officer B,,data_generator,2023-10-03
EVT-00478,TRP-015,ST-014,2023-24,2023-10-08 00:00,2023-10-10 00:00,CDC Light Trap,Successful,Valid,Officer C,,data_generator,2023-10-10
EVT-00479,TRP-015,ST-014,2023-24,2023-10-15 00:00,2023-10-17 00:00,CDC Light Trap,Successful,Valid,Officer D,,data_generator,2023-10-17
EVT-00480,TRP-015,ST-014,2023-24,2023-10-22 00:00,2023-10-24 00:00,CDC Light Trap,Successful,Valid,Officer F,,data_generator,2023-10-24
EVT-00481,TRP-015,ST-014,2023-24,2023-10-29 00:00,2023-10-31 00:00,CDC Light Trap,Successful,Valid,Officer D,,data_generator,2023-10-31
EVT-00482,TRP-015,ST-014,2023-24,2023-11-05 00:00,2023-11-07 00:00,CDC Light Trap,Successful,Valid,Officer A,,data_generator,2023-11-07
EVT-00483,TRP-015,ST-014,2023-24,2023-11-12 00:00,2023-11-14 00:00,CDC Light Trap,Successful,Valid,Officer D,,data_generator,2023-11-14
EVT-00484,TRP-015,ST-014,2023-24,2023-11-19 00:00,2023-11-21 00:00,CDC Light Trap,Successful,Valid,Officer B,,data_generator,2023-11-21
EVT-00485,TRP-015,ST-014,2023-24,2023-11-26 00:00,2023-11-28 00:00,CDC Light Trap,Successful,Valid,Officer E,,data_generator,2023-11-28
EVT-00486,TRP-015,ST-014,2023-24,2023-12-03 00:00,2023-12-05 00:00,CDC Light Trap,Successful,Valid,Officer D,,data_generator,2023-12-05
EVT-00487,TRP-015,ST-014,2023-24,2023-12-10 00:00,2023-12-12 00:00,CDC Light Trap,Successful,Valid,Officer F,,data_generator,2023-12-12
EVT-00488,TRP-015,ST-014,2023-24,2023-12-17 00:00,2023-12-19 00:00,CDC Light Trap,Successful,Valid,Officer D,,data_generator,2023-12-19
EVT-00489,TRP-015,ST-014,2023-24,2023-12-24 00:00,2023-12-26 00:00,CDC Light Trap,Successful,Valid,Officer B,,data_generator,2023-12-26
EVT-00490,TRP-015,ST-014,2023-24,2023-12-31 00:00,2024-01-02 00:00,CDC Light Trap,Successful,Valid,Officer F,,data_generator,2024-01-02
EVT-00491,TRP-015,ST-014,2023-24,2024-01-07 00:00,2024-01-09 00:00,CDC Light Trap,Successful,Valid,Officer F,,data_generator,2024-01-09
EVT-00492,TRP-015,ST-014,2023-24,2024-01-14 00:00,2024-01-16 00:00,CDC Light Trap,Successful,Valid,Officer E,,data_generator,2024-01-16
EVT-00493,TRP-015,ST-014,2023-24,2024-01-21 00:00,2024-01-23 00:00,CDC Light Trap,Successful,Valid,Officer D,,data_generator,2024-01-23
EVT-00494,TRP-015,ST-014,2023-24,2024-01-28 00:00,2024-01-30 00:00,CDC Light Trap,Successful,Valid,Officer F,,data_generator,2024-01-30
EVT-00495,TRP-015,ST-014,2023-24,2024-02-04 00:00,2024-02-06 00:00,CDC Light Trap,Successful,Valid,Officer F,,data_generator,2024-02-06
EVT-00496,TRP-015,ST-014,2023-24,2024-02-11 00:00,2024-02-13 00:00,CDC Light Trap,Successful,Valid,Officer E,,data_generator,2024-02-13
EVT-00497,TRP-015,ST-014,2023-24,2024-02-18 00:00,2024-02-20 00:00,CDC Light Trap,Successful,Valid,Officer D,,data_generator,2024-02-20
EVT-00498,TRP-015,ST-014,2023-24,2024-02-25 00:00,2024-02-27 00:00,CDC Light Trap,Failed - Equipment/Battery,Invalid,Officer F,,data_generator,2024-02-27
EVT-00499,TRP-015,ST-014,2023-24,2024-03-03 00:00,2024-03-05 00:00,CDC Light Trap,Successful,Valid,Officer F,,data_generator,2024-03-05
EVT-00500,TRP-015,ST-014,2023-24,2024-03-10 00:00,2024-03-12 00:00,CDC Light Trap,Successful,Valid,Officer F,,data_generator,2024-03-12
EVT-00501,TRP-015,ST-014,2023-24,2024-03-17 00:00,2024-03-19 00:00,CDC Light Trap,Successful,Valid,Officer B,,data_generator,2024-03-19
EVT-00502,TRP-015,ST-014,2023-24,2024-03-24 00:00,2024-03-26 00:00,CDC Light Trap,Successful,Valid,Officer F,,data_generator,2024-03-26
EVT-00503,TRP-015,ST-014,2023-24,2024-03-31 00:00,2024-04-02 00:00,CDC Light Trap,Successful,Valid,Officer F,,data_generator,2024-04-02
EVT-00504,TRP-015,ST-014,2023-24,2024-04-07 00:00,2024-04-09 00:00,CDC Light Trap,Successful,Valid,Officer C,,data_generator,2024-04-09
EVT-00505,TRP-015,ST-014,2023-24,2024-04-14 00:00,2024-04-16 00:00,CDC Light Trap,Successful,Valid,Officer F,,data_generator,2024-04-16
EVT-00506,TRP-015,ST-014,2023-24,2024-04-21 00:00,2024-04-23 00:00,CDC Light Trap,Successful,Valid,Officer F,,data_generator,2024-04-23
EVT-00507,TRP-015,ST-014,2023-24,2024-04-28 00:00,2024-04-30 00:00,CDC Light Trap,Missing,N/A,Officer E,,data_generator,2024-04-30
EVT-00508,TRP-015,ST-014,2023-24,2024-05-05 00:00,2024-05-07 00:00,CDC Light Trap,Successful,Valid,Officer F,,data_generator,2024-05-07
EVT-00509,TRP-015,ST-014,2023-24,2024-05-12 00:00,2024-05-14 00:00,CDC Light Trap,Successful,Valid,Officer E,,data_generator,2024-05-14
EVT-00510,TRP-015,ST-014,2023-24,2024-05-19 00:00,2024-05-21 00:00,CDC Light Trap,Successful,Valid,Officer E,,data_generator,2024-05-21
EVT-00511,TRP-016,ST-014,2023-24,2023-10-01 00:00,2023-10-03 00:00,EVS (CO2-baited),Missing,N/A,Officer B,,data_generator,2023-10-03
EVT-00512,TRP-016,ST-014,2023-24,2023-10-08 00:00,2023-10-10 00:00,EVS (CO2-baited),Successful,Valid,Officer F,,data_generator,2023-10-10
EVT-00513,TRP-016,ST-014,2023-24,2023-10-15 00:00,2023-10-17 00:00,EVS (CO2-baited),Successful,Valid,Officer A,,data_generator,2023-10-17
EVT-00514,TRP-016,ST-014,2023-24,2023-10-22 00:00,2023-10-24 00:00,EVS (CO2-baited),Successful,Valid,Officer C,,data_generator,2023-10-24
EVT-00515,TRP-016,ST-014,2023-24,2023-10-29 00:00,2023-10-31 00:00,EVS (CO2-baited),Successful,Valid,Officer E,,data_generator,2023-10-31
EVT-00516,TRP-016,ST-014,2023-24,2023-11-05 00:00,2023-11-07 00:00,EVS (CO2-baited),Successful,Valid,Officer E,,data_generator,2023-11-07
EVT-00517,TRP-016,ST-014,2023-24,2023-11-12 00:00,2023-11-14 00:00,EVS (CO2-baited),Successful,Valid,Officer E,,data_generator,2023-11-14
EVT-00518,TRP-016,ST-014,2023-24,2023-11-19 00:00,2023-11-21 00:00,EVS (CO2-baited),Successful,Valid,Officer B,,data_generator,2023-11-21
EVT-00519,TRP-016,ST-014,2023-24,2023-11-26 00:00,2023-11-28 00:00,EVS (CO2-baited),Successful,Valid,Officer E,,data_generator,2023-11-28
EVT-00520,TRP-016,ST-014,2023-24,2023-12-03 00:00,2023-12-05 00:00,EVS (CO2-baited),Successful,Valid,Officer E,,data_generator,2023-12-05
EVT-00521,TRP-016,ST-014,2023-24,2023-12-10 00:00,2023-12-12 00:00,EVS (CO2-baited),Partial,Valid,Officer D,,data_generator,2023-12-12
EVT-00522,TRP-016,ST-014,2023-24,2023-12-17 00:00,2023-12-19 00:00,EVS (CO2-baited),Missing,N/A,Officer B,,data_generator,2023-12-19
EVT-00523,TRP-016,ST-014,2023-24,2023-12-24 00:00,2023-12-26 00:00,EVS (CO2-baited),Successful,Valid,Officer A,,data_generator,2023-12-26
EVT-00524,TRP-016,ST-014,2023-24,2023-12-31 00:00,2024-01-02 00:00,EVS (CO2-baited),Successful,Valid,Officer F,,data_generator,2024-01-02
EVT-00525,TRP-016,ST-014,2023-24,2024-01-07 00:00,2024-01-09 00:00,EVS (CO2-baited),Successful,Valid,Officer F,,data_generator,2024-01-09
EVT-00526,TRP-016,ST-014,2023-24,2024-01-14 00:00,2024-01-16 00:00,EVS (CO2-baited),Successful,Valid,Officer A,,data_generator,2024-01-16
EVT-00527,TRP-016,ST-014,2023-24,2024-01-21 00:00,2024-01-23 00:00,EVS (CO2-baited),Successful,Valid,Officer A,,data_generator,2024-01-23
EVT-00528,TRP-016,ST-014,2023-24,2024-01-28 00:00,2024-01-30 00:00,EVS (CO2-baited),Successful,Valid,Officer D,,data_generator,2024-01-30
EVT-00529,TRP-016,ST-014,2023-24,2024-02-04 00:00,2024-02-06 00:00,EVS (CO2-baited),Successful,Valid,Officer B,,data_generator,2024-02-06
EVT-00530,TRP-016,ST-014,2023-24,2024-02-11 00:00,2024-02-13 00:00,EVS (CO2-baited),Successful,Valid,Officer D,,data_generator,2024-02-13
EVT-00531,TRP-016,ST-014,2023-24,2024-02-18 00:00,2024-02-20 00:00,EVS (CO2-baited),Successful,Valid,Officer A,,data_generator,2024-02-20
EVT-00532,TRP-016,ST-014,2023-24,2024-02-25 00:00,2024-02-27 00:00,EVS (CO2-baited),Successful,Valid,Officer B,,data_generator,2024-02-27
EVT-00533,TRP-016,ST-014,2023-24,2024-03-03 00:00,2024-03-05 00:00,EVS (CO2-baited),Successful,Valid,Officer A,,data_generator,2024-03-05
EVT-00534,TRP-016,ST-014,2023-24,2024-03-10 00:00,2024-03-12 00:00,EVS (CO2-baited),Successful,Valid,Officer B,,data_generator,2024-03-12
EVT-00535,TRP-016,ST-014,2023-24,2024-03-17 00:00,2024-03-19 00:00,EVS (CO2-baited),Successful,Valid,Officer E,,data_generator,2024-03-19
EVT-00536,TRP-016,ST-014,2023-24,2024-03-24 00:00,2024-03-26 00:00,EVS (CO2-baited),Successful,Valid,Officer D,,data_generator,2024-03-26
EVT-00537,TRP-016,ST-014,2023-24,2024-03-31 00:00,2024-04-02 00:00,EVS (CO2-baited),Successful,Valid,Officer B,,data_generator,2024-04-02
EVT-00538,TRP-016,ST-014,2023-24,2024-04-07 00:00,2024-04-09 00:00,EVS (CO2-baited),Successful,Valid,Officer B,,data_generator,2024-04-09
EVT-00539,TRP-016,ST-014,2023-24,2024-04-14 00:00,2024-04-16 00:00,EVS (CO2-baited),Successful,Valid,Officer B,,data_generator,2024-04-16
EVT-00540,TRP-016,ST-014,2023-24,2024-04-21 00:00,2024-04-23 00:00,EVS (CO2-baited),Successful,Valid,Officer C,,data_generator,2024-04-23
EVT-00541,TRP-016,ST-014,2023-24,2024-04-28 00:00,2024-04-30 00:00,EVS (CO2-baited),Missing,N/A,Officer B,,data_generator,2024-04-30
EVT-00542,TRP-016,ST-014,2023-24,2024-05-05 00:00,2024-05-07 00:00,EVS (CO2-baited),Missing,N/A,Officer A,,data_generator,2024-05-07
EVT-00543,TRP-016,ST-014,2023-24,2024-05-12 00:00,2024-05-14 00:00,EVS (CO2-baited),Successful,Valid,Officer E,,data_generator,2024-05-14
EVT-00544,TRP-016,ST-014,2023-24,2024-05-19 00:00,2024-05-21 00:00,EVS (CO2-baited),Successful,Valid,Officer D,,data_generator,2024-05-21
EVT-00545,TRP-017,ST-015,2023-24,2023-10-01 00:00,2023-10-03 00:00,CDC Light Trap,Successful,Valid,Officer A,,data_generator,2023-10-03
EVT-00546,TRP-017,ST-015,2023-24,2023-10-08 00:00,2023-10-10 00:00,CDC Light Trap,Missing,N/A,Officer B,,data_generator,2023-10-10
EVT-00547,TRP-017,ST-015,2023-24,2023-10-15 00:00,2023-10-17 00:00,CDC Light Trap,Successful,Valid,Officer C,,data_generator,2023-10-17
EVT-00548,TRP-017,ST-015,2023-24,2023-10-22 00:00,2023-10-24 00:00,CDC Light Trap,Successful,Valid,Officer B,,data_generator,2023-10-24
EVT-00549,TRP-017,ST-015,2023-24,2023-10-29 00:00,2023-10-31 00:00,CDC Light Trap,Successful,Valid,Officer C,,data_generator,2023-10-31
EVT-00550,TRP-017,ST-015,2023-24,2023-11-05 00:00,2023-11-07 00:00,CDC Light Trap,Successful,Valid,Officer E,,data_generator,2023-11-07
EVT-00551,TRP-017,ST-015,2023-24,2023-11-12 00:00,2023-11-14 00:00,CDC Light Trap,Successful,Valid,Officer D,,data_generator,2023-11-14
EVT-00552,TRP-017,ST-015,2023-24,2023-11-19 00:00,2023-11-21 00:00,CDC Light Trap,Successful,Valid,Officer A,,data_generator,2023-11-21
EVT-00553,TRP-017,ST-015,2023-24,2023-11-26 00:00,2023-11-28 00:00,CDC Light Trap,Successful,Valid,Officer E,,data_generator,2023-11-28
EVT-00554,TRP-017,ST-015,2023-24,2023-12-03 00:00,2023-12-05 00:00,CDC Light Trap,Successful,Valid,Officer A,,data_generator,2023-12-05
EVT-00555,TRP-017,ST-015,2023-24,2023-12-10 00:00,2023-12-12 00:00,CDC Light Trap,Successful,Valid,Officer D,,data_generator,2023-12-12
EVT-00556,TRP-017,ST-015,2023-24,2023-12-17 00:00,2023-12-19 00:00,CDC Light Trap,Successful,Valid,Officer C,,data_generator,2023-12-19
EVT-00557,TRP-017,ST-015,2023-24,2023-12-24 00:00,2023-12-26 00:00,CDC Light Trap,Successful,Valid,Officer E,,data_generator,2023-12-26
EVT-00558,TRP-017,ST-015,2023-24,2023-12-31 00:00,2024-01-02 00:00,CDC Light Trap,Successful,Valid,Officer E,,data_generator,2024-01-02
EVT-00559,TRP-017,ST-015,2023-24,2024-01-07 00:00,2024-01-09 00:00,CDC Light Trap,Successful,Valid,Officer E,,data_generator,2024-01-09
EVT-00560,TRP-017,ST-015,2023-24,2024-01-14 00:00,2024-01-16 00:00,CDC Light Trap,Successful,Valid,Officer E,,data_generator,2024-01-16
EVT-00561,TRP-017,ST-015,2023-24,2024-01-21 00:00,2024-01-23 00:00,CDC Light Trap,Successful,Valid,Officer E,,data_generator,2024-01-23
EVT-00562,TRP-017,ST-015,2023-24,2024-01-28 00:00,2024-01-30 00:00,CDC Light Trap,Successful,Valid,Officer C,,data_generator,2024-01-30
EVT-00563,TRP-017,ST-015,2023-24,2024-02-04 00:00,2024-02-06 00:00,CDC Light Trap,Successful,Valid,Officer D,,data_generator,2024-02-06
EVT-00564,TRP-017,ST-015,2023-24,2024-02-11 00:00,2024-02-13 00:00,CDC Light Trap,Missing,N/A,Officer A,,data_generator,2024-02-13
EVT-00565,TRP-017,ST-015,2023-24,2024-02-18 00:00,2024-02-20 00:00,CDC Light Trap,Successful,Valid,Officer C,,data_generator,2024-02-20
EVT-00566,TRP-017,ST-015,2023-24,2024-02-25 00:00,2024-02-27 00:00,CDC Light Trap,Successful,Valid,Officer D,,data_generator,2024-02-27
EVT-00567,TRP-017,ST-015,2023-24,2024-03-03 00:00,2024-03-05 00:00,CDC Light Trap,Successful,Valid,Officer B,,data_generator,2024-03-05
EVT-00568,TRP-017,ST-015,2023-24,2024-03-10 00:00,2024-03-12 00:00,CDC Light Trap,Successful,Valid,Officer E,,data_generator,2024-03-12
EVT-00569,TRP-017,ST-015,2023-24,2024-03-17 00:00,2024-03-19 00:00,CDC Light Trap,Successful,Valid,Officer C,,data_generator,2024-03-19
EVT-00570,TRP-017,ST-015,2023-24,2024-03-24 00:00,2024-03-26 00:00,CDC Light Trap,Successful,Valid,Officer A,,data_generator,2024-03-26
EVT-00571,TRP-017,ST-015,2023-24,2024-03-31 00:00,2024-04-02 00:00,CDC Light Trap,Failed - Equipment/Battery,Invalid,Officer A,,data_generator,2024-04-02
EVT-00572,TRP-017,ST-015,2023-24,2024-04-07 00:00,2024-04-09 00:00,CDC Light Trap,Successful,Valid,Officer C,,data_generator,2024-04-09
EVT-00573,TRP-017,ST-015,2023-24,2024-04-14 00:00,2024-04-16 00:00,CDC Light Trap,Successful,Valid,Officer C,,data_generator,2024-04-16
EVT-00574,TRP-017,ST-015,2023-24,2024-04-21 00:00,2024-04-23 00:00,CDC Light Trap,Successful,Valid,Officer A,,data_generator,2024-04-23
EVT-00575,TRP-017,ST-015,2023-24,2024-04-28 00:00,2024-04-30 00:00,CDC Light Trap,Failed - Equipment/Battery,Invalid,Officer B,,data_generator,2024-04-30
EVT-00576,TRP-017,ST-015,2023-24,2024-05-05 00:00,2024-05-07 00:00,CDC Light Trap,Successful,Valid,Officer F,,data_generator,2024-05-07
EVT-00577,TRP-017,ST-015,2023-24,2024-05-12 00:00,2024-05-14 00:00,CDC Light Trap,Successful,Valid,Officer E,,data_generator,2024-05-14
EVT-00578,TRP-017,ST-015,2023-24,2024-05-19 00:00,2024-05-21 00:00,CDC Light Trap,Missing,N/A,Officer E,,data_generator,2024-05-21
EVT-00579,TRP-018,ST-016,2023-24,2023-10-01 00:00,2023-10-03 00:00,CDC Light Trap,Successful,Valid,Officer C,,data_generator,2023-10-03
EVT-00580,TRP-018,ST-016,2023-24,2023-10-08 00:00,2023-10-10 00:00,CDC Light Trap,Successful,Valid,Officer B,,data_generator,2023-10-10
EVT-00581,TRP-018,ST-016,2023-24,2023-10-15 00:00,2023-10-17 00:00,CDC Light Trap,Successful,Valid,Officer D,,data_generator,2023-10-17
EVT-00582,TRP-018,ST-016,2023-24,2023-10-22 00:00,2023-10-24 00:00,CDC Light Trap,Missing,N/A,Officer D,,data_generator,2023-10-24
EVT-00583,TRP-018,ST-016,2023-24,2023-10-29 00:00,2023-10-31 00:00,CDC Light Trap,Successful,Valid,Officer A,,data_generator,2023-10-31
EVT-00584,TRP-018,ST-016,2023-24,2023-11-05 00:00,2023-11-07 00:00,CDC Light Trap,Successful,Valid,Officer E,,data_generator,2023-11-07
EVT-00585,TRP-018,ST-016,2023-24,2023-11-12 00:00,2023-11-14 00:00,CDC Light Trap,Successful,Valid,Officer C,,data_generator,2023-11-14
EVT-00586,TRP-018,ST-016,2023-24,2023-11-19 00:00,2023-11-21 00:00,CDC Light Trap,Successful,Valid,Officer C,,data_generator,2023-11-21
EVT-00587,TRP-018,ST-016,2023-24,2023-11-26 00:00,2023-11-28 00:00,CDC Light Trap,Successful,Valid,Officer D,,data_generator,2023-11-28
EVT-00588,TRP-018,ST-016,2023-24,2023-12-03 00:00,2023-12-05 00:00,CDC Light Trap,Successful,Valid,Officer A,,data_generator,2023-12-05
EVT-00589,TRP-018,ST-016,2023-24,2023-12-10 00:00,2023-12-12 00:00,CDC Light Trap,Successful,Valid,Officer D,,data_generator,2023-12-12
EVT-00590,TRP-018,ST-016,2023-24,2023-12-17 00:00,2023-12-19 00:00,CDC Light Trap,Successful,Valid,Officer F,,data_generator,2023-12-19
EVT-00591,TRP-018,ST-016,2023-24,2023-12-24 00:00,2023-12-26 00:00,CDC Light Trap,Successful,Valid,Officer D,,data_generator,2023-12-26
EVT-00592,TRP-018,ST-016,2023-24,2023-12-31 00:00,2024-01-02 00:00,CDC Light Trap,Successful,Valid,Officer C,,data_generator,2024-01-02
EVT-00593,TRP-018,ST-016,2023-24,2024-01-07 00:00,2024-01-09 00:00,CDC Light Trap,Successful,Valid,Officer C,,data_generator,2024-01-09
EVT-00594,TRP-018,ST-016,2023-24,2024-01-14 00:00,2024-01-16 00:00,CDC Light Trap,Successful,Valid,Officer C,,data_generator,2024-01-16
EVT-00595,TRP-018,ST-016,2023-24,2024-01-21 00:00,2024-01-23 00:00,CDC Light Trap,Successful,Valid,Officer A,,data_generator,2024-01-23
EVT-00596,TRP-018,ST-016,2023-24,2024-01-28 00:00,2024-01-30 00:00,CDC Light Trap,Successful,Valid,Officer E,,data_generator,2024-01-30
EVT-00597,TRP-018,ST-016,2023-24,2024-02-04 00:00,2024-02-06 00:00,CDC Light Trap,Successful,Valid,Officer C,,data_generator,2024-02-06
EVT-00598,TRP-018,ST-016,2023-24,2024-02-11 00:00,2024-02-13 00:00,CDC Light Trap,Successful,Valid,Officer E,,data_generator,2024-02-13
EVT-00599,TRP-018,ST-016,2023-24,2024-02-18 00:00,2024-02-20 00:00,CDC Light Trap,Successful,Valid,Officer A,,data_generator,2024-02-20
EVT-00600,TRP-018,ST-016,2023-24,2024-02-25 00:00,2024-02-27 00:00,CDC Light Trap,Successful,Valid,Officer C,,data_generator,2024-02-27
EVT-00601,TRP-018,ST-016,2023-24,2024-03-03 00:00,2024-03-05 00:00,CDC Light Trap,Successful,Valid,Officer F,,data_generator,2024-03-05
EVT-00602,TRP-018,ST-016,2023-24,2024-03-10 00:00,2024-03-12 00:00,CDC Light Trap,Successful,Valid,Officer E,,data_generator,2024-03-12
EVT-00603,TRP-018,ST-016,2023-24,2024-03-17 00:00,2024-03-19 00:00,CDC Light Trap,Successful,Valid,Officer A,,data_generator,2024-03-19
EVT-00604,TRP-018,ST-016,2023-24,2024-03-24 00:00,2024-03-26 00:00,CDC Light Trap,Successful,Valid,Officer C,,data_generator,2024-03-26
EVT-00605,TRP-018,ST-016,2023-24,2024-03-31 00:00,2024-04-02 00:00,CDC Light Trap,Successful,Valid,Officer D,,data_generator,2024-04-02
EVT-00606,TRP-018,ST-016,2023-24,2024-04-07 00:00,2024-04-09 00:00,CDC Light Trap,Successful,Valid,Officer B,,data_generator,2024-04-09
EVT-00607,TRP-018,ST-016,2023-24,2024-04-14 00:00,2024-04-16 00:00,CDC Light Trap,Successful,Valid,Officer F,,data_generator,2024-04-16
EVT-00608,TRP-018,ST-016,2023-24,2024-04-21 00:00,2024-04-23 00:00,CDC Light Trap,Successful,Valid,Officer C,,data_generator,2024-04-23
EVT-00609,TRP-018,ST-016,2023-24,2024-04-28 00:00,2024-04-30 00:00,CDC Light Trap,Successful,Valid,Officer E,,data_generator,2024-04-30
EVT-00610,TRP-018,ST-016,2023-24,2024-05-05 00:00,2024-05-07 00:00,CDC Light Trap,Successful,Valid,Officer C,,data_generator,2024-05-07
EVT-00611,TRP-018,ST-016,2023-24,2024-05-12 00:00,2024-05-14 00:00,CDC Light Trap,Successful,Valid,Officer E,,data_generator,2024-05-14
EVT-00612,TRP-018,ST-016,2023-24,2024-05-19 00:00,2024-05-21 00:00,CDC Light Trap,Successful,Valid,Officer B,,data_generator,2024-05-21
EVT-00613,TRP-019,ST-017,2023-24,2023-10-01 00:00,2023-10-03 00:00,CDC Light Trap,Successful,Valid,Officer D,,data_generator,2023-10-03
EVT-00614,TRP-019,ST-017,2023-24,2023-10-08 00:00,2023-10-10 00:00,CDC Light Trap,Successful,Valid,Officer E,,data_generator,2023-10-10
EVT-00615,TRP-019,ST-017,2023-24,2023-10-15 00:00,2023-10-17 00:00,CDC Light Trap,Successful,Valid,Officer C,,data_generator,2023-10-17
EVT-00616,TRP-019,ST-017,2023-24,2023-10-22 00:00,2023-10-24 00:00,CDC Light Trap,Successful,Valid,Officer C,,data_generator,2023-10-24
EVT-00617,TRP-019,ST-017,2023-24,2023-10-29 00:00,2023-10-31 00:00,CDC Light Trap,Successful,Valid,Officer B,,data_generator,2023-10-31
EVT-00618,TRP-019,ST-017,2023-24,2023-11-05 00:00,2023-11-07 00:00,CDC Light Trap,Successful,Valid,Officer C,,data_generator,2023-11-07
EVT-00619,TRP-019,ST-017,2023-24,2023-11-12 00:00,2023-11-14 00:00,CDC Light Trap,Successful,Valid,Officer B,,data_generator,2023-11-14
EVT-00620,TRP-019,ST-017,2023-24,2023-11-19 00:00,2023-11-21 00:00,CDC Light Trap,Successful,Valid,Officer C,,data_generator,2023-11-21
EVT-00621,TRP-019,ST-017,2023-24,2023-11-26 00:00,2023-11-28 00:00,CDC Light Trap,Missing,N/A,Officer A,,data_generator,2023-11-28
EVT-00622,TRP-019,ST-017,2023-24,2023-12-03 00:00,2023-12-05 00:00,CDC Light Trap,Partial,Valid,Officer F,,data_generator,2023-12-05
EVT-00623,TRP-019,ST-017,2023-24,2023-12-10 00:00,2023-12-12 00:00,CDC Light Trap,Successful,Valid,Officer C,,data_generator,2023-12-12
EVT-00624,TRP-019,ST-017,2023-24,2023-12-17 00:00,2023-12-19 00:00,CDC Light Trap,Successful,Valid,Officer B,,data_generator,2023-12-19
EVT-00625,TRP-019,ST-017,2023-24,2023-12-24 00:00,2023-12-26 00:00,CDC Light Trap,Successful,Valid,Officer B,,data_generator,2023-12-26
EVT-00626,TRP-019,ST-017,2023-24,2023-12-31 00:00,2024-01-02 00:00,CDC Light Trap,Successful,Valid,Officer A,,data_generator,2024-01-02
EVT-00627,TRP-019,ST-017,2023-24,2024-01-07 00:00,2024-01-09 00:00,CDC Light Trap,Successful,Valid,Officer B,,data_generator,2024-01-09
EVT-00628,TRP-019,ST-017,2023-24,2024-01-14 00:00,2024-01-16 00:00,CDC Light Trap,Successful,Valid,Officer B,,data_generator,2024-01-16
EVT-00629,TRP-019,ST-017,2023-24,2024-01-21 00:00,2024-01-23 00:00,CDC Light Trap,Failed - Equipment/Battery,Invalid,Officer A,,data_generator,2024-01-23
EVT-00630,TRP-019,ST-017,2023-24,2024-01-28 00:00,2024-01-30 00:00,CDC Light Trap,Failed - Equipment/Battery,Invalid,Officer F,,data_generator,2024-01-30
EVT-00631,TRP-019,ST-017,2023-24,2024-02-04 00:00,2024-02-06 00:00,CDC Light Trap,Successful,Valid,Officer B,,data_generator,2024-02-06
EVT-00632,TRP-019,ST-017,2023-24,2024-02-11 00:00,2024-02-13 00:00,CDC Light Trap,Successful,Valid,Officer B,,data_generator,2024-02-13
EVT-00633,TRP-019,ST-017,2023-24,2024-02-18 00:00,2024-02-20 00:00,CDC Light Trap,Successful,Valid,Officer E,,data_generator,2024-02-20
EVT-00634,TRP-019,ST-017,2023-24,2024-02-25 00:00,2024-02-27 00:00,CDC Light Trap,Successful,Valid,Officer F,,data_generator,2024-02-27
EVT-00635,TRP-019,ST-017,2023-24,2024-03-03 00:00,2024-03-05 00:00,CDC Light Trap,Successful,Valid,Officer F,,data_generator,2024-03-05
EVT-00636,TRP-019,ST-017,2023-24,2024-03-10 00:00,2024-03-12 00:00,CDC Light Trap,Successful,Valid,Officer B,,data_generator,2024-03-12
EVT-00637,TRP-019,ST-017,2023-24,2024-03-17 00:00,2024-03-19 00:00,CDC Light Trap,Successful,Valid,Officer E,,data_generator,2024-03-19
EVT-00638,TRP-019,ST-017,2023-24,2024-03-24 00:00,2024-03-26 00:00,CDC Light Trap,Successful,Valid,Officer B,,data_generator,2024-03-26
EVT-00639,TRP-019,ST-017,2023-24,2024-03-31 00:00,2024-04-02 00:00,CDC Light Trap,Partial,Valid,Officer F,,data_generator,2024-04-02
EVT-00640,TRP-019,ST-017,2023-24,2024-04-07 00:00,2024-04-09 00:00,CDC Light Trap,Successful,Valid,Officer A,,data_generator,2024-04-09
EVT-00641,TRP-019,ST-017,2023-24,2024-04-14 00:00,2024-04-16 00:00,CDC Light Trap,Missing,N/A,Officer C,,data_generator,2024-04-16
EVT-00642,TRP-019,ST-017,2023-24,2024-04-21 00:00,2024-04-23 00:00,CDC Light Trap,Successful,Valid,Officer C,,data_generator,2024-04-23
EVT-00643,TRP-019,ST-017,2023-24,2024-04-28 00:00,2024-04-30 00:00,CDC Light Trap,Successful,Valid,Officer D,,data_generator,2024-04-30
EVT-00644,TRP-019,ST-017,2023-24,2024-05-05 00:00,2024-05-07 00:00,CDC Light Trap,Successful,Valid,Officer D,,data_generator,2024-05-07
EVT-00645,TRP-019,ST-017,2023-24,2024-05-12 00:00,2024-05-14 00:00,CDC Light Trap,Successful,Valid,Officer C,,data_generator,2024-05-14
EVT-00646,TRP-019,ST-017,2023-24,2024-05-19 00:00,2024-05-21 00:00,CDC Light Trap,Successful,Valid,Officer C,,data_generator,2024-05-21
EVT-00647,TRP-020,ST-018,2023-24,2023-10-01 00:00,2023-10-03 00:00,CDC Light Trap,Successful,Valid,Officer D,,data_generator,2023-10-03
EVT-00648,TRP-020,ST-018,2023-24,2023-10-08 00:00,2023-10-10 00:00,CDC Light Trap,Successful,Valid,Officer E,,data_generator,2023-10-10
EVT-00649,TRP-020,ST-018,2023-24,2023-10-15 00:00,2023-10-17 00:00,CDC Light Trap,Successful,Valid,Officer B,,data_generator,2023-10-17
EVT-00650,TRP-020,ST-018,2023-24,2023-10-22 00:00,2023-10-24 00:00,CDC Light Trap,Missing,N/A,Officer F,,data_generator,2023-10-24
EVT-00651,TRP-020,ST-018,2023-24,2023-10-29 00:00,2023-10-31 00:00,CDC Light Trap,Successful,Valid,Officer A,,data_generator,2023-10-31
EVT-00652,TRP-020,ST-018,2023-24,2023-11-05 00:00,2023-11-07 00:00,CDC Light Trap,Successful,Valid,Officer A,,data_generator,2023-11-07
EVT-00653,TRP-020,ST-018,2023-24,2023-11-12 00:00,2023-11-14 00:00,CDC Light Trap,Failed - Equipment/Battery,Invalid,Officer E,,data_generator,2023-11-14
EVT-00654,TRP-020,ST-018,2023-24,2023-11-19 00:00,2023-11-21 00:00,CDC Light Trap,Missing,N/A,Officer D,,data_generator,2023-11-21
EVT-00655,TRP-020,ST-018,2023-24,2023-11-26 00:00,2023-11-28 00:00,CDC Light Trap,Successful,Valid,Officer C,,data_generator,2023-11-28
EVT-00656,TRP-020,ST-018,2023-24,2023-12-03 00:00,2023-12-05 00:00,CDC Light Trap,Successful,Valid,Officer F,,data_generator,2023-12-05
EVT-00657,TRP-020,ST-018,2023-24,2023-12-10 00:00,2023-12-12 00:00,CDC Light Trap,Successful,Valid,Officer E,,data_generator,2023-12-12
EVT-00658,TRP-020,ST-018,2023-24,2023-12-17 00:00,2023-12-19 00:00,CDC Light Trap,Successful,Valid,Officer C,,data_generator,2023-12-19
EVT-00659,TRP-020,ST-018,2023-24,2023-12-24 00:00,2023-12-26 00:00,CDC Light Trap,Successful,Valid,Officer A,,data_generator,2023-12-26
EVT-00660,TRP-020,ST-018,2023-24,2023-12-31 00:00,2024-01-02 00:00,CDC Light Trap,Successful,Valid,Officer E,,data_generator,2024-01-02
EVT-00661,TRP-020,ST-018,2023-24,2024-01-07 00:00,2024-01-09 00:00,CDC Light Trap,Successful,Valid,Officer A,,data_generator,2024-01-09
EVT-00662,TRP-020,ST-018,2023-24,2024-01-14 00:00,2024-01-16 00:00,CDC Light Trap,Successful,Valid,Officer C,,data_generator,2024-01-16
EVT-00663,TRP-020,ST-018,2023-24,2024-01-21 00:00,2024-01-23 00:00,CDC Light Trap,Successful,Valid,Officer D,,data_generator,2024-01-23
EVT-00664,TRP-020,ST-018,2023-24,2024-01-28 00:00,2024-01-30 00:00,CDC Light Trap,Successful,Valid,Officer C,,data_generator,2024-01-30
EVT-00665,TRP-020,ST-018,2023-24,2024-02-04 00:00,2024-02-06 00:00,CDC Light Trap,Successful,Valid,Officer B,,data_generator,2024-02-06
EVT-00666,TRP-020,ST-018,2023-24,2024-02-11 00:00,2024-02-13 00:00,CDC Light Trap,Successful,Valid,Officer E,,data_generator,2024-02-13
EVT-00667,TRP-020,ST-018,2023-24,2024-02-18 00:00,2024-02-20 00:00,CDC Light Trap,Successful,Valid,Officer A,,data_generator,2024-02-20
EVT-00668,TRP-020,ST-018,2023-24,2024-02-25 00:00,2024-02-27 00:00,CDC Light Trap,Successful,Valid,Officer A,,data_generator,2024-02-27
EVT-00669,TRP-020,ST-018,2023-24,2024-03-03 00:00,2024-03-05 00:00,CDC Light Trap,Successful,Valid,Officer E,,data_generator,2024-03-05
EVT-00670,TRP-020,ST-018,2023-24,2024-03-10 00:00,2024-03-12 00:00,CDC Light Trap,Successful,Valid,Officer E,,data_generator,2024-03-12
EVT-00671,TRP-020,ST-018,2023-24,2024-03-17 00:00,2024-03-19 00:00,CDC Light Trap,Successful,Valid,Officer B,,data_generator,2024-03-19
EVT-00672,TRP-020,ST-018,2023-24,2024-03-24 00:00,2024-03-26 00:00,CDC Light Trap,Successful,Valid,Officer C,,data_generator,2024-03-26
EVT-00673,TRP-020,ST-018,2023-24,2024-03-31 00:00,2024-04-02 00:00,CDC Light Trap,Successful,Valid,Officer A,,data_generator,2024-04-02
EVT-00674,TRP-020,ST-018,2023-24,2024-04-07 00:00,2024-04-09 00:00,CDC Light Trap,Successful,Valid,Officer E,,data_generator,2024-04-09
EVT-00675,TRP-020,ST-018,2023-24,2024-04-14 00:00,2024-04-16 00:00,CDC Light Trap,Successful,Valid,Officer E,,data_generator,2024-04-16
EVT-00676,TRP-020,ST-018,2023-24,2024-04-21 00:00,2024-04-23 00:00,CDC Light Trap,Successful,Valid,Officer F,,data_generator,2024-04-23
EVT-00677,TRP-020,ST-018,2023-24,2024-04-28 00:00,2024-04-30 00:00,CDC Light Trap,Successful,Valid,Officer A,,data_generator,2024-04-30
EVT-00678,TRP-020,ST-018,2023-24,2024-05-05 00:00,2024-05-07 00:00,CDC Light Trap,Failed - Equipment/Battery,Invalid,Officer D,,data_generator,2024-05-07
EVT-00679,TRP-020,ST-018,2023-24,2024-05-12 00:00,2024-05-14 00:00,CDC Light Trap,Successful,Valid,Officer B,,data_generator,2024-05-14
EVT-00680,TRP-020,ST-018,2023-24,2024-05-19 00:00,2024-05-21 00:00,CDC Light Trap,Successful,Valid,Officer B,,data_generator,2024-05-21
EVT-00681,TRP-021,ST-019,2023-24,2023-10-01 00:00,2023-10-03 00:00,EVS (CO2-baited),Partial,Valid,Officer A,,data_generator,2023-10-03
EVT-00682,TRP-021,ST-019,2023-24,2023-10-08 00:00,2023-10-10 00:00,EVS (CO2-baited),Successful,Valid,Officer B,,data_generator,2023-10-10
EVT-00683,TRP-021,ST-019,2023-24,2023-10-15 00:00,2023-10-17 00:00,EVS (CO2-baited),Successful,Valid,Officer D,,data_generator,2023-10-17
EVT-00684,TRP-021,ST-019,2023-24,2023-10-22 00:00,2023-10-24 00:00,EVS (CO2-baited),Successful,Valid,Officer E,,data_generator,2023-10-24
EVT-00685,TRP-021,ST-019,2023-24,2023-10-29 00:00,2023-10-31 00:00,EVS (CO2-baited),Successful,Valid,Officer A,,data_generator,2023-10-31
EVT-00686,TRP-021,ST-019,2023-24,2023-11-05 00:00,2023-11-07 00:00,EVS (CO2-baited),Successful,Valid,Officer F,,data_generator,2023-11-07
EVT-00687,TRP-021,ST-019,2023-24,2023-11-12 00:00,2023-11-14 00:00,EVS (CO2-baited),Successful,Valid,Officer E,,data_generator,2023-11-14
EVT-00688,TRP-021,ST-019,2023-24,2023-11-19 00:00,2023-11-21 00:00,EVS (CO2-baited),Successful,Valid,Officer D,,data_generator,2023-11-21
EVT-00689,TRP-021,ST-019,2023-24,2023-11-26 00:00,2023-11-28 00:00,EVS (CO2-baited),Successful,Valid,Officer F,,data_generator,2023-11-28
EVT-00690,TRP-021,ST-019,2023-24,2023-12-03 00:00,2023-12-05 00:00,EVS (CO2-baited),Successful,Valid,Officer F,,data_generator,2023-12-05
EVT-00691,TRP-021,ST-019,2023-24,2023-12-10 00:00,2023-12-12 00:00,EVS (CO2-baited),Successful,Valid,Officer E,,data_generator,2023-12-12
EVT-00692,TRP-021,ST-019,2023-24,2023-12-17 00:00,2023-12-19 00:00,EVS (CO2-baited),Successful,Valid,Officer E,,data_generator,2023-12-19
EVT-00693,TRP-021,ST-019,2023-24,2023-12-24 00:00,2023-12-26 00:00,EVS (CO2-baited),Successful,Valid,Officer E,,data_generator,2023-12-26
EVT-00694,TRP-021,ST-019,2023-24,2023-12-31 00:00,2024-01-02 00:00,EVS (CO2-baited),Successful,Valid,Officer E,,data_generator,2024-01-02
EVT-00695,TRP-021,ST-019,2023-24,2024-01-07 00:00,2024-01-09 00:00,EVS (CO2-baited),Successful,Valid,Officer A,,data_generator,2024-01-09
EVT-00696,TRP-021,ST-019,2023-24,2024-01-14 00:00,2024-01-16 00:00,EVS (CO2-baited),Successful,Valid,Officer D,,data_generator,2024-01-16
EVT-00697,TRP-021,ST-019,2023-24,2024-01-21 00:00,2024-01-23 00:00,EVS (CO2-baited),Successful,Valid,Officer B,,data_generator,2024-01-23
EVT-00698,TRP-021,ST-019,2023-24,2024-01-28 00:00,2024-01-30 00:00,EVS (CO2-baited),Successful,Valid,Officer A,,data_generator,2024-01-30
EVT-00699,TRP-021,ST-019,2023-24,2024-02-04 00:00,2024-02-06 00:00,EVS (CO2-baited),Successful,Valid,Officer D,,data_generator,2024-02-06
EVT-00700,TRP-021,ST-019,2023-24,2024-02-11 00:00,2024-02-13 00:00,EVS (CO2-baited),Successful,Valid,Officer F,,data_generator,2024-02-13
EVT-00701,TRP-021,ST-019,2023-24,2024-02-18 00:00,2024-02-20 00:00,EVS (CO2-baited),Failed - Equipment/Battery,Invalid,Officer F,,data_generator,2024-02-20
EVT-00702,TRP-021,ST-019,2023-24,2024-02-25 00:00,2024-02-27 00:00,EVS (CO2-baited),Successful,Valid,Officer A,,data_generator,2024-02-27
EVT-00703,TRP-021,ST-019,2023-24,2024-03-03 00:00,2024-03-05 00:00,EVS (CO2-baited),Successful,Valid,Officer B,,data_generator,2024-03-05
EVT-00704,TRP-021,ST-019,2023-24,2024-03-10 00:00,2024-03-12 00:00,EVS (CO2-baited),Successful,Valid,Officer F,,data_generator,2024-03-12
EVT-00705,TRP-021,ST-019,2023-24,2024-03-17 00:00,2024-03-19 00:00,EVS (CO2-baited),Partial,Valid,Officer D,,data_generator,2024-03-19
EVT-00706,TRP-021,ST-019,2023-24,2024-03-24 00:00,2024-03-26 00:00,EVS (CO2-baited),Successful,Valid,Officer F,,data_generator,2024-03-26
EVT-00707,TRP-021,ST-019,2023-24,2024-03-31 00:00,2024-04-02 00:00,EVS (CO2-baited),Successful,Valid,Officer B,,data_generator,2024-04-02
EVT-00708,TRP-021,ST-019,2023-24,2024-04-07 00:00,2024-04-09 00:00,EVS (CO2-baited),Successful,Valid,Officer F,,data_generator,2024-04-09
EVT-00709,TRP-021,ST-019,2023-24,2024-04-14 00:00,2024-04-16 00:00,EVS (CO2-baited),Successful,Valid,Officer A,,data_generator,2024-04-16
EVT-00710,TRP-021,ST-019,2023-24,2024-04-21 00:00,2024-04-23 00:00,EVS (CO2-baited),Successful,Valid,Officer D,,data_generator,2024-04-23
EVT-00711,TRP-021,ST-019,2023-24,2024-04-28 00:00,2024-04-30 00:00,EVS (CO2-baited),Failed - Equipment/Battery,Invalid,Officer F,,data_generator,2024-04-30
EVT-00712,TRP-021,ST-019,2023-24,2024-05-05 00:00,2024-05-07 00:00,EVS (CO2-baited),Successful,Valid,Officer B,,data_generator,2024-05-07
EVT-00713,TRP-021,ST-019,2023-24,2024-05-12 00:00,2024-05-14 00:00,EVS (CO2-baited),Successful,Valid,Officer F,,data_generator,2024-05-14
EVT-00714,TRP-021,ST-019,2023-24,2024-05-19 00:00,2024-05-21 00:00,EVS (CO2-baited),Successful,Valid,Officer F,,data_generator,2024-05-21
EVT-00715,TRP-022,ST-020,2023-24,2023-10-01 00:00,2023-10-03 00:00,EVS (CO2-baited),Successful,Valid,Officer B,,data_generator,2023-10-03
EVT-00716,TRP-022,ST-020,2023-24,2023-10-08 00:00,2023-10-10 00:00,EVS (CO2-baited),Successful,Valid,Officer E,,data_generator,2023-10-10
EVT-00717,TRP-022,ST-020,2023-24,2023-10-15 00:00,2023-10-17 00:00,EVS (CO2-baited),Successful,Valid,Officer D,,data_generator,2023-10-17
EVT-00718,TRP-022,ST-020,2023-24,2023-10-22 00:00,2023-10-24 00:00,EVS (CO2-baited),Successful,Valid,Officer C,,data_generator,2023-10-24
EVT-00719,TRP-022,ST-020,2023-24,2023-10-29 00:00,2023-10-31 00:00,EVS (CO2-baited),Successful,Valid,Officer E,,data_generator,2023-10-31
EVT-00720,TRP-022,ST-020,2023-24,2023-11-05 00:00,2023-11-07 00:00,EVS (CO2-baited),Successful,Valid,Officer D,,data_generator,2023-11-07
EVT-00721,TRP-022,ST-020,2023-24,2023-11-12 00:00,2023-11-14 00:00,EVS (CO2-baited),Successful,Valid,Officer E,,data_generator,2023-11-14
EVT-00722,TRP-022,ST-020,2023-24,2023-11-19 00:00,2023-11-21 00:00,EVS (CO2-baited),Successful,Valid,Officer B,,data_generator,2023-11-21
EVT-00723,TRP-022,ST-020,2023-24,2023-11-26 00:00,2023-11-28 00:00,EVS (CO2-baited),Successful,Valid,Officer E,,data_generator,2023-11-28
EVT-00724,TRP-022,ST-020,2023-24,2023-12-03 00:00,2023-12-05 00:00,EVS (CO2-baited),Successful,Valid,Officer E,,data_generator,2023-12-05
EVT-00725,TRP-022,ST-020,2023-24,2023-12-10 00:00,2023-12-12 00:00,EVS (CO2-baited),Successful,Valid,Officer B,,data_generator,2023-12-12
EVT-00726,TRP-022,ST-020,2023-24,2023-12-17 00:00,2023-12-19 00:00,EVS (CO2-baited),Successful,Valid,Officer A,,data_generator,2023-12-19
EVT-00727,TRP-022,ST-020,2023-24,2023-12-24 00:00,2023-12-26 00:00,EVS (CO2-baited),Successful,Valid,Officer C,,data_generator,2023-12-26
EVT-00728,TRP-022,ST-020,2023-24,2023-12-31 00:00,2024-01-02 00:00,EVS (CO2-baited),Successful,Valid,Officer D,,data_generator,2024-01-02
EVT-00729,TRP-022,ST-020,2023-24,2024-01-07 00:00,2024-01-09 00:00,EVS (CO2-baited),Successful,Valid,Officer A,,data_generator,2024-01-09
EVT-00730,TRP-022,ST-020,2023-24,2024-01-14 00:00,2024-01-16 00:00,EVS (CO2-baited),Successful,Valid,Officer C,,data_generator,2024-01-16
EVT-00731,TRP-022,ST-020,2023-24,2024-01-21 00:00,2024-01-23 00:00,EVS (CO2-baited),Successful,Valid,Officer B,,data_generator,2024-01-23
EVT-00732,TRP-022,ST-020,2023-24,2024-01-28 00:00,2024-01-30 00:00,EVS (CO2-baited),Successful,Valid,Officer C,,data_generator,2024-01-30
EVT-00733,TRP-022,ST-020,2023-24,2024-02-04 00:00,2024-02-06 00:00,EVS (CO2-baited),Successful,Valid,Officer F,,data_generator,2024-02-06
EVT-00734,TRP-022,ST-020,2023-24,2024-02-11 00:00,2024-02-13 00:00,EVS (CO2-baited),Successful,Valid,Officer A,,data_generator,2024-02-13
EVT-00735,TRP-022,ST-020,2023-24,2024-02-18 00:00,2024-02-20 00:00,EVS (CO2-baited),Successful,Valid,Officer D,,data_generator,2024-02-20
EVT-00736,TRP-022,ST-020,2023-24,2024-02-25 00:00,2024-02-27 00:00,EVS (CO2-baited),Successful,Valid,Officer D,,data_generator,2024-02-27
EVT-00737,TRP-022,ST-020,2023-24,2024-03-03 00:00,2024-03-05 00:00,EVS (CO2-baited),Successful,Valid,Officer B,,data_generator,2024-03-05
EVT-00738,TRP-022,ST-020,2023-24,2024-03-10 00:00,2024-03-12 00:00,EVS (CO2-baited),Successful,Valid,Officer A,,data_generator,2024-03-12
EVT-00739,TRP-022,ST-020,2023-24,2024-03-17 00:00,2024-03-19 00:00,EVS (CO2-baited),Successful,Valid,Officer A,,data_generator,2024-03-19
EVT-00740,TRP-022,ST-020,2023-24,2024-03-24 00:00,2024-03-26 00:00,EVS (CO2-baited),Partial,Valid,Officer B,,data_generator,2024-03-26
EVT-00741,TRP-022,ST-020,2023-24,2024-03-31 00:00,2024-04-02 00:00,EVS (CO2-baited),Successful,Valid,Officer B,,data_generator,2024-04-02
EVT-00742,TRP-022,ST-020,2023-24,2024-04-07 00:00,2024-04-09 00:00,EVS (CO2-baited),Successful,Valid,Officer D,,data_generator,2024-04-09
EVT-00743,TRP-022,ST-020,2023-24,2024-04-14 00:00,2024-04-16 00:00,EVS (CO2-baited),Successful,Valid,Officer F,,data_generator,2024-04-16
EVT-00744,TRP-022,ST-020,2023-24,2024-04-21 00:00,2024-04-23 00:00,EVS (CO2-baited),Successful,Valid,Officer D,,data_generator,2024-04-23
EVT-00745,TRP-022,ST-020,2023-24,2024-04-28 00:00,2024-04-30 00:00,EVS (CO2-baited),Successful,Valid,Officer C,,data_generator,2024-04-30
EVT-00746,TRP-022,ST-020,2023-24,2024-05-05 00:00,2024-05-07 00:00,EVS (CO2-baited),Successful,Valid,Officer E,,data_generator,2024-05-07
EVT-00747,TRP-022,ST-020,2023-24,2024-05-12 00:00,2024-05-14 00:00,EVS (CO2-baited),Successful,Valid,Officer F,,data_generator,2024-05-14
EVT-00748,TRP-022,ST-020,2023-24,2024-05-19 00:00,2024-05-21 00:00,EVS (CO2-baited),Successful,Valid,Officer D,,data_generator,2024-05-21
EVT-00749,TRP-023,ST-021,2023-24,2023-10-01 00:00,2023-10-03 00:00,Gravid Trap,Successful,Valid,Officer A,,data_generator,2023-10-03
EVT-00750,TRP-023,ST-021,2023-24,2023-10-08 00:00,2023-10-10 00:00,Gravid Trap,Successful,Valid,Officer A,,data_generator,2023-10-10
EVT-00751,TRP-023,ST-021,2023-24,2023-10-15 00:00,2023-10-17 00:00,Gravid Trap,Successful,Valid,Officer A,,data_generator,2023-10-17
EVT-00752,TRP-023,ST-021,2023-24,2023-10-22 00:00,2023-10-24 00:00,Gravid Trap,Successful,Valid,Officer D,,data_generator,2023-10-24
EVT-00753,TRP-023,ST-021,2023-24,2023-10-29 00:00,2023-10-31 00:00,Gravid Trap,Successful,Valid,Officer D,,data_generator,2023-10-31
EVT-00754,TRP-023,ST-021,2023-24,2023-11-05 00:00,2023-11-07 00:00,Gravid Trap,Successful,Valid,Officer A,,data_generator,2023-11-07
EVT-00755,TRP-023,ST-021,2023-24,2023-11-12 00:00,2023-11-14 00:00,Gravid Trap,Successful,Valid,Officer F,,data_generator,2023-11-14
EVT-00756,TRP-023,ST-021,2023-24,2023-11-19 00:00,2023-11-21 00:00,Gravid Trap,Successful,Valid,Officer C,,data_generator,2023-11-21
EVT-00757,TRP-023,ST-021,2023-24,2023-11-26 00:00,2023-11-28 00:00,Gravid Trap,Successful,Valid,Officer A,,data_generator,2023-11-28
EVT-00758,TRP-023,ST-021,2023-24,2023-12-03 00:00,2023-12-05 00:00,Gravid Trap,Successful,Valid,Officer E,,data_generator,2023-12-05
EVT-00759,TRP-023,ST-021,2023-24,2023-12-10 00:00,2023-12-12 00:00,Gravid Trap,Successful,Valid,Officer C,,data_generator,2023-12-12
EVT-00760,TRP-023,ST-021,2023-24,2023-12-17 00:00,2023-12-19 00:00,Gravid Trap,Successful,Valid,Officer C,,data_generator,2023-12-19
EVT-00761,TRP-023,ST-021,2023-24,2023-12-24 00:00,2023-12-26 00:00,Gravid Trap,Successful,Valid,Officer C,,data_generator,2023-12-26
EVT-00762,TRP-023,ST-021,2023-24,2023-12-31 00:00,2024-01-02 00:00,Gravid Trap,Successful,Valid,Officer D,,data_generator,2024-01-02
EVT-00763,TRP-023,ST-021,2023-24,2024-01-07 00:00,2024-01-09 00:00,Gravid Trap,Successful,Valid,Officer C,,data_generator,2024-01-09
EVT-00764,TRP-023,ST-021,2023-24,2024-01-14 00:00,2024-01-16 00:00,Gravid Trap,Successful,Valid,Officer D,,data_generator,2024-01-16
EVT-00765,TRP-023,ST-021,2023-24,2024-01-21 00:00,2024-01-23 00:00,Gravid Trap,Successful,Valid,Officer A,,data_generator,2024-01-23
EVT-00766,TRP-023,ST-021,2023-24,2024-01-28 00:00,2024-01-30 00:00,Gravid Trap,Successful,Valid,Officer B,,data_generator,2024-01-30
EVT-00767,TRP-023,ST-021,2023-24,2024-02-04 00:00,2024-02-06 00:00,Gravid Trap,Successful,Valid,Officer F,,data_generator,2024-02-06
EVT-00768,TRP-023,ST-021,2023-24,2024-02-11 00:00,2024-02-13 00:00,Gravid Trap,Successful,Valid,Officer B,,data_generator,2024-02-13
EVT-00769,TRP-023,ST-021,2023-24,2024-02-18 00:00,2024-02-20 00:00,Gravid Trap,Successful,Valid,Officer B,,data_generator,2024-02-20
EVT-00770,TRP-023,ST-021,2023-24,2024-02-25 00:00,2024-02-27 00:00,Gravid Trap,Successful,Valid,Officer D,,data_generator,2024-02-27
EVT-00771,TRP-023,ST-021,2023-24,2024-03-03 00:00,2024-03-05 00:00,Gravid Trap,Successful,Valid,Officer A,,data_generator,2024-03-05
EVT-00772,TRP-023,ST-021,2023-24,2024-03-10 00:00,2024-03-12 00:00,Gravid Trap,Partial,Valid,Officer C,,data_generator,2024-03-12
EVT-00773,TRP-023,ST-021,2023-24,2024-03-17 00:00,2024-03-19 00:00,Gravid Trap,Successful,Valid,Officer F,,data_generator,2024-03-19
EVT-00774,TRP-023,ST-021,2023-24,2024-03-24 00:00,2024-03-26 00:00,Gravid Trap,Successful,Valid,Officer C,,data_generator,2024-03-26
EVT-00775,TRP-023,ST-021,2023-24,2024-03-31 00:00,2024-04-02 00:00,Gravid Trap,Successful,Valid,Officer D,,data_generator,2024-04-02
EVT-00776,TRP-023,ST-021,2023-24,2024-04-07 00:00,2024-04-09 00:00,Gravid Trap,Successful,Valid,Officer E,,data_generator,2024-04-09
EVT-00777,TRP-023,ST-021,2023-24,2024-04-14 00:00,2024-04-16 00:00,Gravid Trap,Successful,Valid,Officer B,,data_generator,2024-04-16
EVT-00778,TRP-023,ST-021,2023-24,2024-04-21 00:00,2024-04-23 00:00,Gravid Trap,Successful,Valid,Officer F,,data_generator,2024-04-23
EVT-00779,TRP-023,ST-021,2023-24,2024-04-28 00:00,2024-04-30 00:00,Gravid Trap,Successful,Valid,Officer A,,data_generator,2024-04-30
EVT-00780,TRP-023,ST-021,2023-24,2024-05-05 00:00,2024-05-07 00:00,Gravid Trap,Successful,Valid,Officer C,,data_generator,2024-05-07
EVT-00781,TRP-023,ST-021,2023-24,2024-05-12 00:00,2024-05-14 00:00,Gravid Trap,Successful,Valid,Officer C,,data_generator,2024-05-14
EVT-00782,TRP-023,ST-021,2023-24,2024-05-19 00:00,2024-05-21 00:00,Gravid Trap,Successful,Valid,Officer C,,data_generator,2024-05-21
EVT-00783,TRP-024,ST-022,2023-24,2023-10-01 00:00,2023-10-03 00:00,EVS (CO2-baited),Successful,Valid,Officer D,,data_generator,2023-10-03
EVT-00784,TRP-024,ST-022,2023-24,2023-10-08 00:00,2023-10-10 00:00,EVS (CO2-baited),Successful,Valid,Officer E,,data_generator,2023-10-10
EVT-00785,TRP-024,ST-022,2023-24,2023-10-15 00:00,2023-10-17 00:00,EVS (CO2-baited),Failed - Equipment/Battery,Invalid,Officer D,,data_generator,2023-10-17
EVT-00786,TRP-024,ST-022,2023-24,2023-10-22 00:00,2023-10-24 00:00,EVS (CO2-baited),Successful,Valid,Officer A,,data_generator,2023-10-24
EVT-00787,TRP-024,ST-022,2023-24,2023-10-29 00:00,2023-10-31 00:00,EVS (CO2-baited),Successful,Valid,Officer C,,data_generator,2023-10-31
EVT-00788,TRP-024,ST-022,2023-24,2023-11-05 00:00,2023-11-07 00:00,EVS (CO2-baited),Successful,Valid,Officer C,,data_generator,2023-11-07
EVT-00789,TRP-024,ST-022,2023-24,2023-11-12 00:00,2023-11-14 00:00,EVS (CO2-baited),Successful,Valid,Officer D,,data_generator,2023-11-14
EVT-00790,TRP-024,ST-022,2023-24,2023-11-19 00:00,2023-11-21 00:00,EVS (CO2-baited),Successful,Valid,Officer E,,data_generator,2023-11-21
EVT-00791,TRP-024,ST-022,2023-24,2023-11-26 00:00,2023-11-28 00:00,EVS (CO2-baited),Successful,Valid,Officer E,,data_generator,2023-11-28
EVT-00792,TRP-024,ST-022,2023-24,2023-12-03 00:00,2023-12-05 00:00,EVS (CO2-baited),Successful,Valid,Officer A,,data_generator,2023-12-05
EVT-00793,TRP-024,ST-022,2023-24,2023-12-10 00:00,2023-12-12 00:00,EVS (CO2-baited),Successful,Valid,Officer A,,data_generator,2023-12-12
EVT-00794,TRP-024,ST-022,2023-24,2023-12-17 00:00,2023-12-19 00:00,EVS (CO2-baited),Successful,Valid,Officer C,,data_generator,2023-12-19
EVT-00795,TRP-024,ST-022,2023-24,2023-12-24 00:00,2023-12-26 00:00,EVS (CO2-baited),Successful,Valid,Officer C,,data_generator,2023-12-26
EVT-00796,TRP-024,ST-022,2023-24,2023-12-31 00:00,2024-01-02 00:00,EVS (CO2-baited),Successful,Valid,Officer E,,data_generator,2024-01-02
EVT-00797,TRP-024,ST-022,2023-24,2024-01-07 00:00,2024-01-09 00:00,EVS (CO2-baited),Successful,Valid,Officer C,,data_generator,2024-01-09
EVT-00798,TRP-024,ST-022,2023-24,2024-01-14 00:00,2024-01-16 00:00,EVS (CO2-baited),Missing,N/A,Officer C,,data_generator,2024-01-16
EVT-00799,TRP-024,ST-022,2023-24,2024-01-21 00:00,2024-01-23 00:00,EVS (CO2-baited),Successful,Valid,Officer F,,data_generator,2024-01-23
EVT-00800,TRP-024,ST-022,2023-24,2024-01-28 00:00,2024-01-30 00:00,EVS (CO2-baited),Successful,Valid,Officer F,,data_generator,2024-01-30
EVT-00801,TRP-024,ST-022,2023-24,2024-02-04 00:00,2024-02-06 00:00,EVS (CO2-baited),Successful,Valid,Officer B,,data_generator,2024-02-06
EVT-00802,TRP-024,ST-022,2023-24,2024-02-11 00:00,2024-02-13 00:00,EVS (CO2-baited),Successful,Valid,Officer D,,data_generator,2024-02-13
EVT-00803,TRP-024,ST-022,2023-24,2024-02-18 00:00,2024-02-20 00:00,EVS (CO2-baited),Successful,Valid,Officer A,,data_generator,2024-02-20
EVT-00804,TRP-024,ST-022,2023-24,2024-02-25 00:00,2024-02-27 00:00,EVS (CO2-baited),Successful,Valid,Officer E,,data_generator,2024-02-27
EVT-00805,TRP-024,ST-022,2023-24,2024-03-03 00:00,2024-03-05 00:00,EVS (CO2-baited),Successful,Valid,Officer A,,data_generator,2024-03-05
EVT-00806,TRP-024,ST-022,2023-24,2024-03-10 00:00,2024-03-12 00:00,EVS (CO2-baited),Partial,Valid,Officer C,,data_generator,2024-03-12
EVT-00807,TRP-024,ST-022,2023-24,2024-03-17 00:00,2024-03-19 00:00,EVS (CO2-baited),Successful,Valid,Officer D,,data_generator,2024-03-19
EVT-00808,TRP-024,ST-022,2023-24,2024-03-24 00:00,2024-03-26 00:00,EVS (CO2-baited),Successful,Valid,Officer C,,data_generator,2024-03-26
EVT-00809,TRP-024,ST-022,2023-24,2024-03-31 00:00,2024-04-02 00:00,EVS (CO2-baited),Successful,Valid,Officer B,,data_generator,2024-04-02
EVT-00810,TRP-024,ST-022,2023-24,2024-04-07 00:00,2024-04-09 00:00,EVS (CO2-baited),Successful,Valid,Officer F,,data_generator,2024-04-09
EVT-00811,TRP-024,ST-022,2023-24,2024-04-14 00:00,2024-04-16 00:00,EVS (CO2-baited),Successful,Valid,Officer D,,data_generator,2024-04-16
EVT-00812,TRP-024,ST-022,2023-24,2024-04-21 00:00,2024-04-23 00:00,EVS (CO2-baited),Successful,Valid,Officer C,,data_generator,2024-04-23
EVT-00813,TRP-024,ST-022,2023-24,2024-04-28 00:00,2024-04-30 00:00,EVS (CO2-baited),Successful,Valid,Officer B,,data_generator,2024-04-30
EVT-00814,TRP-024,ST-022,2023-24,2024-05-05 00:00,2024-05-07 00:00,EVS (CO2-baited),Successful,Valid,Officer B,,data_generator,2024-05-07
EVT-00815,TRP-024,ST-022,2023-24,2024-05-12 00:00,2024-05-14 00:00,EVS (CO2-baited),Failed - Equipment/Battery,Invalid,Officer E,,data_generator,2024-05-14
EVT-00816,TRP-024,ST-022,2023-24,2024-05-19 00:00,2024-05-21 00:00,EVS (CO2-baited),Failed - Equipment/Battery,Invalid,Officer F,,data_generator,2024-05-21
EVT-00817,TRP-001,ST-001,2024-25,2024-10-01 00:00,2024-10-03 00:00,Gravid Trap,Successful,Valid,Officer A,,data_generator,2024-10-03
EVT-00818,TRP-001,ST-001,2024-25,2024-10-08 00:00,2024-10-10 00:00,Gravid Trap,Partial,Valid,Officer A,,data_generator,2024-10-10
EVT-00819,TRP-001,ST-001,2024-25,2024-10-15 00:00,2024-10-17 00:00,Gravid Trap,Successful,Valid,Officer D,,data_generator,2024-10-17
EVT-00820,TRP-001,ST-001,2024-25,2024-10-22 00:00,2024-10-24 00:00,Gravid Trap,Failed - Equipment/Battery,Invalid,Officer E,,data_generator,2024-10-24
EVT-00821,TRP-001,ST-001,2024-25,2024-10-29 00:00,2024-10-31 00:00,Gravid Trap,Successful,Valid,Officer C,,data_generator,2024-10-31
EVT-00822,TRP-001,ST-001,2024-25,2024-11-05 00:00,2024-11-07 00:00,Gravid Trap,Successful,Valid,Officer A,,data_generator,2024-11-07
EVT-00823,TRP-001,ST-001,2024-25,2024-11-12 00:00,2024-11-14 00:00,Gravid Trap,Successful,Valid,Officer E,,data_generator,2024-11-14
EVT-00824,TRP-001,ST-001,2024-25,2024-11-19 00:00,2024-11-21 00:00,Gravid Trap,Successful,Valid,Officer C,,data_generator,2024-11-21
EVT-00825,TRP-001,ST-001,2024-25,2024-11-26 00:00,2024-11-28 00:00,Gravid Trap,Successful,Valid,Officer A,,data_generator,2024-11-28
EVT-00826,TRP-001,ST-001,2024-25,2024-12-03 00:00,2024-12-05 00:00,Gravid Trap,Successful,Valid,Officer F,,data_generator,2024-12-05
EVT-00827,TRP-001,ST-001,2024-25,2024-12-10 00:00,2024-12-12 00:00,Gravid Trap,Successful,Valid,Officer D,,data_generator,2024-12-12
EVT-00828,TRP-001,ST-001,2024-25,2024-12-17 00:00,2024-12-19 00:00,Gravid Trap,Successful,Valid,Officer E,,data_generator,2024-12-19
EVT-00829,TRP-001,ST-001,2024-25,2024-12-24 00:00,2024-12-26 00:00,Gravid Trap,Successful,Valid,Officer D,,data_generator,2024-12-26
EVT-00830,TRP-001,ST-001,2024-25,2024-12-31 00:00,2025-01-02 00:00,Gravid Trap,Successful,Valid,Officer F,,data_generator,2025-01-02
EVT-00831,TRP-001,ST-001,2024-25,2025-01-07 00:00,2025-01-09 00:00,Gravid Trap,Successful,Valid,Officer D,,data_generator,2025-01-09
EVT-00832,TRP-001,ST-001,2024-25,2025-01-14 00:00,2025-01-16 00:00,Gravid Trap,Successful,Valid,Officer E,,data_generator,2025-01-16
EVT-00833,TRP-001,ST-001,2024-25,2025-01-21 00:00,2025-01-23 00:00,Gravid Trap,Failed - Equipment/Battery,Invalid,Officer C,,data_generator,2025-01-23
EVT-00834,TRP-001,ST-001,2024-25,2025-01-28 00:00,2025-01-30 00:00,Gravid Trap,Successful,Valid,Officer A,,data_generator,2025-01-30
EVT-00835,TRP-001,ST-001,2024-25,2025-02-04 00:00,2025-02-06 00:00,Gravid Trap,Successful,Valid,Officer A,,data_generator,2025-02-06
EVT-00836,TRP-001,ST-001,2024-25,2025-02-11 00:00,2025-02-13 00:00,Gravid Trap,Successful,Valid,Officer E,,data_generator,2025-02-13
EVT-00837,TRP-001,ST-001,2024-25,2025-02-18 00:00,2025-02-20 00:00,Gravid Trap,Successful,Valid,Officer C,,data_generator,2025-02-20
EVT-00838,TRP-001,ST-001,2024-25,2025-02-25 00:00,2025-02-27 00:00,Gravid Trap,Successful,Valid,Officer C,,data_generator,2025-02-27
EVT-00839,TRP-001,ST-001,2024-25,2025-03-04 00:00,2025-03-06 00:00,Gravid Trap,Successful,Valid,Officer A,,data_generator,2025-03-06
EVT-00840,TRP-001,ST-001,2024-25,2025-03-11 00:00,2025-03-13 00:00,Gravid Trap,Successful,Valid,Officer E,,data_generator,2025-03-13
EVT-00841,TRP-001,ST-001,2024-25,2025-03-18 00:00,2025-03-20 00:00,Gravid Trap,Successful,Valid,Officer C,,data_generator,2025-03-20
EVT-00842,TRP-001,ST-001,2024-25,2025-03-25 00:00,2025-03-27 00:00,Gravid Trap,Successful,Valid,Officer F,,data_generator,2025-03-27
EVT-00843,TRP-001,ST-001,2024-25,2025-04-01 00:00,2025-04-03 00:00,Gravid Trap,Successful,Valid,Officer B,,data_generator,2025-04-03
EVT-00844,TRP-001,ST-001,2024-25,2025-04-08 00:00,2025-04-10 00:00,Gravid Trap,Successful,Valid,Officer D,,data_generator,2025-04-10
EVT-00845,TRP-001,ST-001,2024-25,2025-04-15 00:00,2025-04-17 00:00,Gravid Trap,Successful,Valid,Officer F,,data_generator,2025-04-17
EVT-00846,TRP-001,ST-001,2024-25,2025-04-22 00:00,2025-04-24 00:00,Gravid Trap,Successful,Valid,Officer F,,data_generator,2025-04-24
EVT-00847,TRP-001,ST-001,2024-25,2025-04-29 00:00,2025-05-01 00:00,Gravid Trap,Successful,Valid,Officer C,,data_generator,2025-05-01
EVT-00848,TRP-001,ST-001,2024-25,2025-05-06 00:00,2025-05-08 00:00,Gravid Trap,Successful,Valid,Officer B,,data_generator,2025-05-08
EVT-00849,TRP-001,ST-001,2024-25,2025-05-13 00:00,2025-05-15 00:00,Gravid Trap,Successful,Valid,Officer F,,data_generator,2025-05-15
EVT-00850,TRP-001,ST-001,2024-25,2025-05-20 00:00,2025-05-22 00:00,Gravid Trap,Successful,Valid,Officer A,,data_generator,2025-05-22
EVT-00851,TRP-002,ST-002,2024-25,2024-10-01 00:00,2024-10-03 00:00,BG-Sentinel,Successful,Valid,Officer D,,data_generator,2024-10-03
EVT-00852,TRP-002,ST-002,2024-25,2024-10-08 00:00,2024-10-10 00:00,BG-Sentinel,Successful,Valid,Officer E,,data_generator,2024-10-10
EVT-00853,TRP-002,ST-002,2024-25,2024-10-15 00:00,2024-10-17 00:00,BG-Sentinel,Missing,N/A,Officer A,,data_generator,2024-10-17
EVT-00854,TRP-002,ST-002,2024-25,2024-10-22 00:00,2024-10-24 00:00,BG-Sentinel,Successful,Valid,Officer B,,data_generator,2024-10-24
EVT-00855,TRP-002,ST-002,2024-25,2024-10-29 00:00,2024-10-31 00:00,BG-Sentinel,Successful,Valid,Officer C,,data_generator,2024-10-31
EVT-00856,TRP-002,ST-002,2024-25,2024-11-05 00:00,2024-11-07 00:00,BG-Sentinel,Successful,Valid,Officer F,,data_generator,2024-11-07
EVT-00857,TRP-002,ST-002,2024-25,2024-11-12 00:00,2024-11-14 00:00,BG-Sentinel,Missing,N/A,Officer F,,data_generator,2024-11-14
EVT-00858,TRP-002,ST-002,2024-25,2024-11-19 00:00,2024-11-21 00:00,BG-Sentinel,Successful,Valid,Officer A,,data_generator,2024-11-21
EVT-00859,TRP-002,ST-002,2024-25,2024-11-26 00:00,2024-11-28 00:00,BG-Sentinel,Missing,N/A,Officer E,,data_generator,2024-11-28
EVT-00860,TRP-002,ST-002,2024-25,2024-12-03 00:00,2024-12-05 00:00,BG-Sentinel,Successful,Valid,Officer F,,data_generator,2024-12-05
EVT-00861,TRP-002,ST-002,2024-25,2024-12-10 00:00,2024-12-12 00:00,BG-Sentinel,Successful,Valid,Officer B,,data_generator,2024-12-12
EVT-00862,TRP-002,ST-002,2024-25,2024-12-17 00:00,2024-12-19 00:00,BG-Sentinel,Successful,Valid,Officer D,,data_generator,2024-12-19
EVT-00863,TRP-002,ST-002,2024-25,2024-12-24 00:00,2024-12-26 00:00,BG-Sentinel,Successful,Valid,Officer C,,data_generator,2024-12-26
EVT-00864,TRP-002,ST-002,2024-25,2024-12-31 00:00,2025-01-02 00:00,BG-Sentinel,Successful,Valid,Officer D,,data_generator,2025-01-02
EVT-00865,TRP-002,ST-002,2024-25,2025-01-07 00:00,2025-01-09 00:00,BG-Sentinel,Successful,Valid,Officer A,,data_generator,2025-01-09
EVT-00866,TRP-002,ST-002,2024-25,2025-01-14 00:00,2025-01-16 00:00,BG-Sentinel,Successful,Valid,Officer F,,data_generator,2025-01-16
EVT-00867,TRP-002,ST-002,2024-25,2025-01-21 00:00,2025-01-23 00:00,BG-Sentinel,Successful,Valid,Officer F,,data_generator,2025-01-23
EVT-00868,TRP-002,ST-002,2024-25,2025-01-28 00:00,2025-01-30 00:00,BG-Sentinel,Successful,Valid,Officer A,,data_generator,2025-01-30
EVT-00869,TRP-002,ST-002,2024-25,2025-02-04 00:00,2025-02-06 00:00,BG-Sentinel,Successful,Valid,Officer D,,data_generator,2025-02-06
EVT-00870,TRP-002,ST-002,2024-25,2025-02-11 00:00,2025-02-13 00:00,BG-Sentinel,Successful,Valid,Officer D,,data_generator,2025-02-13
EVT-00871,TRP-002,ST-002,2024-25,2025-02-18 00:00,2025-02-20 00:00,BG-Sentinel,Successful,Valid,Officer E,,data_generator,2025-02-20
EVT-00872,TRP-002,ST-002,2024-25,2025-02-25 00:00,2025-02-27 00:00,BG-Sentinel,Successful,Valid,Officer C,,data_generator,2025-02-27
EVT-00873,TRP-002,ST-002,2024-25,2025-03-04 00:00,2025-03-06 00:00,BG-Sentinel,Successful,Valid,Officer E,,data_generator,2025-03-06
EVT-00874,TRP-002,ST-002,2024-25,2025-03-11 00:00,2025-03-13 00:00,BG-Sentinel,Failed - Equipment/Battery,Invalid,Officer F,,data_generator,2025-03-13
EVT-00875,TRP-002,ST-002,2024-25,2025-03-18 00:00,2025-03-20 00:00,BG-Sentinel,Successful,Valid,Officer F,,data_generator,2025-03-20
EVT-00876,TRP-002,ST-002,2024-25,2025-03-25 00:00,2025-03-27 00:00,BG-Sentinel,Successful,Valid,Officer F,,data_generator,2025-03-27
EVT-00877,TRP-002,ST-002,2024-25,2025-04-01 00:00,2025-04-03 00:00,BG-Sentinel,Successful,Valid,Officer D,,data_generator,2025-04-03
EVT-00878,TRP-002,ST-002,2024-25,2025-04-08 00:00,2025-04-10 00:00,BG-Sentinel,Successful,Valid,Officer C,,data_generator,2025-04-10
EVT-00879,TRP-002,ST-002,2024-25,2025-04-15 00:00,2025-04-17 00:00,BG-Sentinel,Successful,Valid,Officer F,,data_generator,2025-04-17
EVT-00880,TRP-002,ST-002,2024-25,2025-04-22 00:00,2025-04-24 00:00,BG-Sentinel,Successful,Valid,Officer E,,data_generator,2025-04-24
EVT-00881,TRP-002,ST-002,2024-25,2025-04-29 00:00,2025-05-01 00:00,BG-Sentinel,Successful,Valid,Officer A,,data_generator,2025-05-01
EVT-00882,TRP-002,ST-002,2024-25,2025-05-06 00:00,2025-05-08 00:00,BG-Sentinel,Successful,Valid,Officer E,,data_generator,2025-05-08
EVT-00883,TRP-002,ST-002,2024-25,2025-05-13 00:00,2025-05-15 00:00,BG-Sentinel,Successful,Valid,Officer D,,data_generator,2025-05-15
EVT-00884,TRP-002,ST-002,2024-25,2025-05-20 00:00,2025-05-22 00:00,BG-Sentinel,Successful,Valid,Officer B,,data_generator,2025-05-22
EVT-00885,TRP-003,ST-003,2024-25,2024-10-01 00:00,2024-10-03 00:00,EVS (CO2-baited),Successful,Valid,Officer E,,data_generator,2024-10-03
EVT-00886,TRP-003,ST-003,2024-25,2024-10-08 00:00,2024-10-10 00:00,EVS (CO2-baited),Successful,Valid,Officer A,,data_generator,2024-10-10
EVT-00887,TRP-003,ST-003,2024-25,2024-10-15 00:00,2024-10-17 00:00,EVS (CO2-baited),Partial,Valid,Officer B,,data_generator,2024-10-17
EVT-00888,TRP-003,ST-003,2024-25,2024-10-22 00:00,2024-10-24 00:00,EVS (CO2-baited),Successful,Valid,Officer F,,data_generator,2024-10-24
EVT-00889,TRP-003,ST-003,2024-25,2024-10-29 00:00,2024-10-31 00:00,EVS (CO2-baited),Successful,Valid,Officer B,,data_generator,2024-10-31
EVT-00890,TRP-003,ST-003,2024-25,2024-11-05 00:00,2024-11-07 00:00,EVS (CO2-baited),Successful,Valid,Officer A,,data_generator,2024-11-07
EVT-00891,TRP-003,ST-003,2024-25,2024-11-12 00:00,2024-11-14 00:00,EVS (CO2-baited),Successful,Valid,Officer B,,data_generator,2024-11-14
EVT-00892,TRP-003,ST-003,2024-25,2024-11-19 00:00,2024-11-21 00:00,EVS (CO2-baited),Successful,Valid,Officer D,,data_generator,2024-11-21
EVT-00893,TRP-003,ST-003,2024-25,2024-11-26 00:00,2024-11-28 00:00,EVS (CO2-baited),Successful,Valid,Officer E,,data_generator,2024-11-28
EVT-00894,TRP-003,ST-003,2024-25,2024-12-03 00:00,2024-12-05 00:00,EVS (CO2-baited),Successful,Valid,Officer C,,data_generator,2024-12-05
EVT-00895,TRP-003,ST-003,2024-25,2024-12-10 00:00,2024-12-12 00:00,EVS (CO2-baited),Missing,N/A,Officer E,,data_generator,2024-12-12
EVT-00896,TRP-003,ST-003,2024-25,2024-12-17 00:00,2024-12-19 00:00,EVS (CO2-baited),Successful,Valid,Officer D,,data_generator,2024-12-19
EVT-00897,TRP-003,ST-003,2024-25,2024-12-24 00:00,2024-12-26 00:00,EVS (CO2-baited),Successful,Valid,Officer C,,data_generator,2024-12-26
EVT-00898,TRP-003,ST-003,2024-25,2024-12-31 00:00,2025-01-02 00:00,EVS (CO2-baited),Successful,Valid,Officer C,,data_generator,2025-01-02
EVT-00899,TRP-003,ST-003,2024-25,2025-01-07 00:00,2025-01-09 00:00,EVS (CO2-baited),Successful,Valid,Officer A,,data_generator,2025-01-09
EVT-00900,TRP-003,ST-003,2024-25,2025-01-14 00:00,2025-01-16 00:00,EVS (CO2-baited),Partial,Valid,Officer E,,data_generator,2025-01-16
EVT-00901,TRP-003,ST-003,2024-25,2025-01-21 00:00,2025-01-23 00:00,EVS (CO2-baited),Successful,Valid,Officer C,,data_generator,2025-01-23
EVT-00902,TRP-003,ST-003,2024-25,2025-01-28 00:00,2025-01-30 00:00,EVS (CO2-baited),Successful,Valid,Officer F,,data_generator,2025-01-30
EVT-00903,TRP-003,ST-003,2024-25,2025-02-04 00:00,2025-02-06 00:00,EVS (CO2-baited),Successful,Valid,Officer A,,data_generator,2025-02-06
EVT-00904,TRP-003,ST-003,2024-25,2025-02-11 00:00,2025-02-13 00:00,EVS (CO2-baited),Successful,Valid,Officer E,,data_generator,2025-02-13
EVT-00905,TRP-003,ST-003,2024-25,2025-02-18 00:00,2025-02-20 00:00,EVS (CO2-baited),Partial,Valid,Officer A,,data_generator,2025-02-20
EVT-00906,TRP-003,ST-003,2024-25,2025-02-25 00:00,2025-02-27 00:00,EVS (CO2-baited),Successful,Valid,Officer D,,data_generator,2025-02-27
EVT-00907,TRP-003,ST-003,2024-25,2025-03-04 00:00,2025-03-06 00:00,EVS (CO2-baited),Successful,Valid,Officer B,,data_generator,2025-03-06
EVT-00908,TRP-003,ST-003,2024-25,2025-03-11 00:00,2025-03-13 00:00,EVS (CO2-baited),Successful,Valid,Officer D,,data_generator,2025-03-13
EVT-00909,TRP-003,ST-003,2024-25,2025-03-18 00:00,2025-03-20 00:00,EVS (CO2-baited),Missing,N/A,Officer F,,data_generator,2025-03-20
EVT-00910,TRP-003,ST-003,2024-25,2025-03-25 00:00,2025-03-27 00:00,EVS (CO2-baited),Successful,Valid,Officer A,,data_generator,2025-03-27
EVT-00911,TRP-003,ST-003,2024-25,2025-04-01 00:00,2025-04-03 00:00,EVS (CO2-baited),Successful,Valid,Officer A,,data_generator,2025-04-03
EVT-00912,TRP-003,ST-003,2024-25,2025-04-08 00:00,2025-04-10 00:00,EVS (CO2-baited),Successful,Valid,Officer D,,data_generator,2025-04-10
EVT-00913,TRP-003,ST-003,2024-25,2025-04-15 00:00,2025-04-17 00:00,EVS (CO2-baited),Successful,Valid,Officer A,,data_generator,2025-04-17
EVT-00914,TRP-003,ST-003,2024-25,2025-04-22 00:00,2025-04-24 00:00,EVS (CO2-baited),Successful,Valid,Officer C,,data_generator,2025-04-24
EVT-00915,TRP-003,ST-003,2024-25,2025-04-29 00:00,2025-05-01 00:00,EVS (CO2-baited),Successful,Valid,Officer C,,data_generator,2025-05-01
EVT-00916,TRP-003,ST-003,2024-25,2025-05-06 00:00,2025-05-08 00:00,EVS (CO2-baited),Successful,Valid,Officer D,,data_generator,2025-05-08
EVT-00917,TRP-003,ST-003,2024-25,2025-05-13 00:00,2025-05-15 00:00,EVS (CO2-baited),Successful,Valid,Officer C,,data_generator,2025-05-15
EVT-00918,TRP-003,ST-003,2024-25,2025-05-20 00:00,2025-05-22 00:00,EVS (CO2-baited),Successful,Valid,Officer E,,data_generator,2025-05-22
EVT-00919,TRP-004,ST-003,2024-25,2024-10-01 00:00,2024-10-03 00:00,BG-Sentinel,Missing,N/A,Officer A,,data_generator,2024-10-03
EVT-00920,TRP-004,ST-003,2024-25,2024-10-08 00:00,2024-10-10 00:00,BG-Sentinel,Successful,Valid,Officer D,,data_generator,2024-10-10
EVT-00921,TRP-004,ST-003,2024-25,2024-10-15 00:00,2024-10-17 00:00,BG-Sentinel,Successful,Valid,Officer E,,data_generator,2024-10-17
EVT-00922,TRP-004,ST-003,2024-25,2024-10-22 00:00,2024-10-24 00:00,BG-Sentinel,Successful,Valid,Officer B,,data_generator,2024-10-24
EVT-00923,TRP-004,ST-003,2024-25,2024-10-29 00:00,2024-10-31 00:00,BG-Sentinel,Successful,Valid,Officer D,,data_generator,2024-10-31
EVT-00924,TRP-004,ST-003,2024-25,2024-11-05 00:00,2024-11-07 00:00,BG-Sentinel,Successful,Valid,Officer E,,data_generator,2024-11-07
EVT-00925,TRP-004,ST-003,2024-25,2024-11-12 00:00,2024-11-14 00:00,BG-Sentinel,Successful,Valid,Officer B,,data_generator,2024-11-14
EVT-00926,TRP-004,ST-003,2024-25,2024-11-19 00:00,2024-11-21 00:00,BG-Sentinel,Successful,Valid,Officer D,,data_generator,2024-11-21
EVT-00927,TRP-004,ST-003,2024-25,2024-11-26 00:00,2024-11-28 00:00,BG-Sentinel,Successful,Valid,Officer A,,data_generator,2024-11-28
EVT-00928,TRP-004,ST-003,2024-25,2024-12-03 00:00,2024-12-05 00:00,BG-Sentinel,Successful,Valid,Officer F,,data_generator,2024-12-05
EVT-00929,TRP-004,ST-003,2024-25,2024-12-10 00:00,2024-12-12 00:00,BG-Sentinel,Successful,Valid,Officer A,,data_generator,2024-12-12
EVT-00930,TRP-004,ST-003,2024-25,2024-12-17 00:00,2024-12-19 00:00,BG-Sentinel,Successful,Valid,Officer D,,data_generator,2024-12-19
EVT-00931,TRP-004,ST-003,2024-25,2024-12-24 00:00,2024-12-26 00:00,BG-Sentinel,Successful,Valid,Officer D,,data_generator,2024-12-26
EVT-00932,TRP-004,ST-003,2024-25,2024-12-31 00:00,2025-01-02 00:00,BG-Sentinel,Missing,N/A,Officer B,,data_generator,2025-01-02
EVT-00933,TRP-004,ST-003,2024-25,2025-01-07 00:00,2025-01-09 00:00,BG-Sentinel,Successful,Valid,Officer D,,data_generator,2025-01-09
EVT-00934,TRP-004,ST-003,2024-25,2025-01-14 00:00,2025-01-16 00:00,BG-Sentinel,Failed - Equipment/Battery,Invalid,Officer D,,data_generator,2025-01-16
EVT-00935,TRP-004,ST-003,2024-25,2025-01-21 00:00,2025-01-23 00:00,BG-Sentinel,Successful,Valid,Officer D,,data_generator,2025-01-23
EVT-00936,TRP-004,ST-003,2024-25,2025-01-28 00:00,2025-01-30 00:00,BG-Sentinel,Successful,Valid,Officer C,,data_generator,2025-01-30
EVT-00937,TRP-004,ST-003,2024-25,2025-02-04 00:00,2025-02-06 00:00,BG-Sentinel,Missing,N/A,Officer C,,data_generator,2025-02-06
EVT-00938,TRP-004,ST-003,2024-25,2025-02-11 00:00,2025-02-13 00:00,BG-Sentinel,Failed - Equipment/Battery,Invalid,Officer F,,data_generator,2025-02-13
EVT-00939,TRP-004,ST-003,2024-25,2025-02-18 00:00,2025-02-20 00:00,BG-Sentinel,Successful,Valid,Officer E,,data_generator,2025-02-20
EVT-00940,TRP-004,ST-003,2024-25,2025-02-25 00:00,2025-02-27 00:00,BG-Sentinel,Successful,Valid,Officer E,,data_generator,2025-02-27
EVT-00941,TRP-004,ST-003,2024-25,2025-03-04 00:00,2025-03-06 00:00,BG-Sentinel,Successful,Valid,Officer D,,data_generator,2025-03-06
EVT-00942,TRP-004,ST-003,2024-25,2025-03-11 00:00,2025-03-13 00:00,BG-Sentinel,Successful,Valid,Officer C,,data_generator,2025-03-13
EVT-00943,TRP-004,ST-003,2024-25,2025-03-18 00:00,2025-03-20 00:00,BG-Sentinel,Successful,Valid,Officer A,,data_generator,2025-03-20
EVT-00944,TRP-004,ST-003,2024-25,2025-03-25 00:00,2025-03-27 00:00,BG-Sentinel,Successful,Valid,Officer E,,data_generator,2025-03-27
EVT-00945,TRP-004,ST-003,2024-25,2025-04-01 00:00,2025-04-03 00:00,BG-Sentinel,Successful,Valid,Officer A,,data_generator,2025-04-03
EVT-00946,TRP-004,ST-003,2024-25,2025-04-08 00:00,2025-04-10 00:00,BG-Sentinel,Successful,Valid,Officer F,,data_generator,2025-04-10
EVT-00947,TRP-004,ST-003,2024-25,2025-04-15 00:00,2025-04-17 00:00,BG-Sentinel,Successful,Valid,Officer C,,data_generator,2025-04-17
EVT-00948,TRP-004,ST-003,2024-25,2025-04-22 00:00,2025-04-24 00:00,BG-Sentinel,Successful,Valid,Officer F,,data_generator,2025-04-24
EVT-00949,TRP-004,ST-003,2024-25,2025-04-29 00:00,2025-05-01 00:00,BG-Sentinel,Partial,Valid,Officer C,,data_generator,2025-05-01
EVT-00950,TRP-004,ST-003,2024-25,2025-05-06 00:00,2025-05-08 00:00,BG-Sentinel,Successful,Valid,Officer F,,data_generator,2025-05-08
EVT-00951,TRP-004,ST-003,2024-25,2025-05-13 00:00,2025-05-15 00:00,BG-Sentinel,Successful,Valid,Officer D,,data_generator,2025-05-15
EVT-00952,TRP-004,ST-003,2024-25,2025-05-20 00:00,2025-05-22 00:00,BG-Sentinel,Missing,N/A,Officer F,,data_generator,2025-05-22
EVT-00953,TRP-005,ST-005,2024-25,2024-10-01 00:00,2024-10-03 00:00,EVS (CO2-baited),Successful,Valid,Officer B,,data_generator,2024-10-03
EVT-00954,TRP-005,ST-005,2024-25,2024-10-08 00:00,2024-10-10 00:00,EVS (CO2-baited),Missing,N/A,Officer C,,data_generator,2024-10-10
EVT-00955,TRP-005,ST-005,2024-25,2024-10-15 00:00,2024-10-17 00:00,EVS (CO2-baited),Successful,Valid,Officer F,,data_generator,2024-10-17
EVT-00956,TRP-005,ST-005,2024-25,2024-10-22 00:00,2024-10-24 00:00,EVS (CO2-baited),Successful,Valid,Officer B,,data_generator,2024-10-24
EVT-00957,TRP-005,ST-005,2024-25,2024-10-29 00:00,2024-10-31 00:00,EVS (CO2-baited),Successful,Valid,Officer D,,data_generator,2024-10-31
EVT-00958,TRP-005,ST-005,2024-25,2024-11-05 00:00,2024-11-07 00:00,EVS (CO2-baited),Successful,Valid,Officer B,,data_generator,2024-11-07
EVT-00959,TRP-005,ST-005,2024-25,2024-11-12 00:00,2024-11-14 00:00,EVS (CO2-baited),Successful,Valid,Officer F,,data_generator,2024-11-14
EVT-00960,TRP-005,ST-005,2024-25,2024-11-19 00:00,2024-11-21 00:00,EVS (CO2-baited),Successful,Valid,Officer E,,data_generator,2024-11-21
EVT-00961,TRP-005,ST-005,2024-25,2024-11-26 00:00,2024-11-28 00:00,EVS (CO2-baited),Successful,Valid,Officer B,,data_generator,2024-11-28
EVT-00962,TRP-005,ST-005,2024-25,2024-12-03 00:00,2024-12-05 00:00,EVS (CO2-baited),Successful,Valid,Officer D,,data_generator,2024-12-05
EVT-00963,TRP-005,ST-005,2024-25,2024-12-10 00:00,2024-12-12 00:00,EVS (CO2-baited),Successful,Valid,Officer D,,data_generator,2024-12-12
EVT-00964,TRP-005,ST-005,2024-25,2024-12-17 00:00,2024-12-19 00:00,EVS (CO2-baited),Successful,Valid,Officer D,,data_generator,2024-12-19
EVT-00965,TRP-005,ST-005,2024-25,2024-12-24 00:00,2024-12-26 00:00,EVS (CO2-baited),Successful,Valid,Officer F,,data_generator,2024-12-26
EVT-00966,TRP-005,ST-005,2024-25,2024-12-31 00:00,2025-01-02 00:00,EVS (CO2-baited),Successful,Valid,Officer E,,data_generator,2025-01-02
EVT-00967,TRP-005,ST-005,2024-25,2025-01-07 00:00,2025-01-09 00:00,EVS (CO2-baited),Successful,Valid,Officer B,,data_generator,2025-01-09
EVT-00968,TRP-005,ST-005,2024-25,2025-01-14 00:00,2025-01-16 00:00,EVS (CO2-baited),Successful,Valid,Officer C,,data_generator,2025-01-16
EVT-00969,TRP-005,ST-005,2024-25,2025-01-21 00:00,2025-01-23 00:00,EVS (CO2-baited),Successful,Valid,Officer F,,data_generator,2025-01-23
EVT-00970,TRP-005,ST-005,2024-25,2025-01-28 00:00,2025-01-30 00:00,EVS (CO2-baited),Successful,Valid,Officer A,,data_generator,2025-01-30
EVT-00971,TRP-005,ST-005,2024-25,2025-02-04 00:00,2025-02-06 00:00,EVS (CO2-baited),Failed - Equipment/Battery,Invalid,Officer D,,data_generator,2025-02-06
EVT-00972,TRP-005,ST-005,2024-25,2025-02-11 00:00,2025-02-13 00:00,EVS (CO2-baited),Successful,Valid,Officer F,,data_generator,2025-02-13
EVT-00973,TRP-005,ST-005,2024-25,2025-02-18 00:00,2025-02-20 00:00,EVS (CO2-baited),Successful,Valid,Officer F,,data_generator,2025-02-20
EVT-00974,TRP-005,ST-005,2024-25,2025-02-25 00:00,2025-02-27 00:00,EVS (CO2-baited),Successful,Valid,Officer F,,data_generator,2025-02-27
EVT-00975,TRP-005,ST-005,2024-25,2025-03-04 00:00,2025-03-06 00:00,EVS (CO2-baited),Successful,Valid,Officer E,,data_generator,2025-03-06
EVT-00976,TRP-005,ST-005,2024-25,2025-03-11 00:00,2025-03-13 00:00,EVS (CO2-baited),Successful,Valid,Officer A,,data_generator,2025-03-13
EVT-00977,TRP-005,ST-005,2024-25,2025-03-18 00:00,2025-03-20 00:00,EVS (CO2-baited),Successful,Valid,Officer C,,data_generator,2025-03-20
EVT-00978,TRP-005,ST-005,2024-25,2025-03-25 00:00,2025-03-27 00:00,EVS (CO2-baited),Successful,Valid,Officer C,,data_generator,2025-03-27
EVT-00979,TRP-005,ST-005,2024-25,2025-04-01 00:00,2025-04-03 00:00,EVS (CO2-baited),Successful,Valid,Officer F,,data_generator,2025-04-03
EVT-00980,TRP-005,ST-005,2024-25,2025-04-08 00:00,2025-04-10 00:00,EVS (CO2-baited),Successful,Valid,Officer C,,data_generator,2025-04-10
EVT-00981,TRP-005,ST-005,2024-25,2025-04-15 00:00,2025-04-17 00:00,EVS (CO2-baited),Successful,Valid,Officer A,,data_generator,2025-04-17
EVT-00982,TRP-005,ST-005,2024-25,2025-04-22 00:00,2025-04-24 00:00,EVS (CO2-baited),Successful,Valid,Officer D,,data_generator,2025-04-24
EVT-00983,TRP-005,ST-005,2024-25,2025-04-29 00:00,2025-05-01 00:00,EVS (CO2-baited),Successful,Valid,Officer E,,data_generator,2025-05-01
EVT-00984,TRP-005,ST-005,2024-25,2025-05-06 00:00,2025-05-08 00:00,EVS (CO2-baited),Partial,Valid,Officer F,,data_generator,2025-05-08
EVT-00985,TRP-005,ST-005,2024-25,2025-05-13 00:00,2025-05-15 00:00,EVS (CO2-baited),Successful,Valid,Officer E,,data_generator,2025-05-15
EVT-00986,TRP-005,ST-005,2024-25,2025-05-20 00:00,2025-05-22 00:00,EVS (CO2-baited),Successful,Valid,Officer A,,data_generator,2025-05-22
EVT-00987,TRP-006,ST-006,2024-25,2024-10-01 00:00,2024-10-03 00:00,BG-Sentinel,Partial,Valid,Officer A,,data_generator,2024-10-03
EVT-00988,TRP-006,ST-006,2024-25,2024-10-08 00:00,2024-10-10 00:00,BG-Sentinel,Successful,Valid,Officer C,,data_generator,2024-10-10
EVT-00989,TRP-006,ST-006,2024-25,2024-10-15 00:00,2024-10-17 00:00,BG-Sentinel,Partial,Valid,Officer A,,data_generator,2024-10-17
EVT-00990,TRP-006,ST-006,2024-25,2024-10-22 00:00,2024-10-24 00:00,BG-Sentinel,Successful,Valid,Officer D,,data_generator,2024-10-24
EVT-00991,TRP-006,ST-006,2024-25,2024-10-29 00:00,2024-10-31 00:00,BG-Sentinel,Successful,Valid,Officer F,,data_generator,2024-10-31
EVT-00992,TRP-006,ST-006,2024-25,2024-11-05 00:00,2024-11-07 00:00,BG-Sentinel,Successful,Valid,Officer B,,data_generator,2024-11-07
EVT-00993,TRP-006,ST-006,2024-25,2024-11-12 00:00,2024-11-14 00:00,BG-Sentinel,Successful,Valid,Officer A,,data_generator,2024-11-14
EVT-00994,TRP-006,ST-006,2024-25,2024-11-19 00:00,2024-11-21 00:00,BG-Sentinel,Successful,Valid,Officer A,,data_generator,2024-11-21
EVT-00995,TRP-006,ST-006,2024-25,2024-11-26 00:00,2024-11-28 00:00,BG-Sentinel,Failed - Equipment/Battery,Invalid,Officer D,,data_generator,2024-11-28
EVT-00996,TRP-006,ST-006,2024-25,2024-12-03 00:00,2024-12-05 00:00,BG-Sentinel,Successful,Valid,Officer D,,data_generator,2024-12-05
EVT-00997,TRP-006,ST-006,2024-25,2024-12-10 00:00,2024-12-12 00:00,BG-Sentinel,Successful,Valid,Officer B,,data_generator,2024-12-12
EVT-00998,TRP-006,ST-006,2024-25,2024-12-17 00:00,2024-12-19 00:00,BG-Sentinel,Failed - Equipment/Battery,Invalid,Officer C,,data_generator,2024-12-19
EVT-00999,TRP-006,ST-006,2024-25,2024-12-24 00:00,2024-12-26 00:00,BG-Sentinel,Successful,Valid,Officer C,,data_generator,2024-12-26
EVT-01000,TRP-006,ST-006,2024-25,2024-12-31 00:00,2025-01-02 00:00,BG-Sentinel,Successful,Valid,Officer B,,data_generator,2025-01-02
EVT-01001,TRP-006,ST-006,2024-25,2025-01-07 00:00,2025-01-09 00:00,BG-Sentinel,Successful,Valid,Officer F,,data_generator,2025-01-09
EVT-01002,TRP-006,ST-006,2024-25,2025-01-14 00:00,2025-01-16 00:00,BG-Sentinel,Failed - Equipment/Battery,Invalid,Officer D,,data_generator,2025-01-16
EVT-01003,TRP-006,ST-006,2024-25,2025-01-21 00:00,2025-01-23 00:00,BG-Sentinel,Successful,Valid,Officer F,,data_generator,2025-01-23
EVT-01004,TRP-006,ST-006,2024-25,2025-01-28 00:00,2025-01-30 00:00,BG-Sentinel,Successful,Valid,Officer D,,data_generator,2025-01-30
EVT-01005,TRP-006,ST-006,2024-25,2025-02-04 00:00,2025-02-06 00:00,BG-Sentinel,Successful,Valid,Officer D,,data_generator,2025-02-06
EVT-01006,TRP-006,ST-006,2024-25,2025-02-11 00:00,2025-02-13 00:00,BG-Sentinel,Successful,Valid,Officer A,,data_generator,2025-02-13
EVT-01007,TRP-006,ST-006,2024-25,2025-02-18 00:00,2025-02-20 00:00,BG-Sentinel,Successful,Valid,Officer D,,data_generator,2025-02-20
EVT-01008,TRP-006,ST-006,2024-25,2025-02-25 00:00,2025-02-27 00:00,BG-Sentinel,Successful,Valid,Officer D,,data_generator,2025-02-27
EVT-01009,TRP-006,ST-006,2024-25,2025-03-04 00:00,2025-03-06 00:00,BG-Sentinel,Successful,Valid,Officer B,,data_generator,2025-03-06
EVT-01010,TRP-006,ST-006,2024-25,2025-03-11 00:00,2025-03-13 00:00,BG-Sentinel,Successful,Valid,Officer C,,data_generator,2025-03-13
EVT-01011,TRP-006,ST-006,2024-25,2025-03-18 00:00,2025-03-20 00:00,BG-Sentinel,Successful,Valid,Officer A,,data_generator,2025-03-20
EVT-01012,TRP-006,ST-006,2024-25,2025-03-25 00:00,2025-03-27 00:00,BG-Sentinel,Partial,Valid,Officer D,,data_generator,2025-03-27
EVT-01013,TRP-006,ST-006,2024-25,2025-04-01 00:00,2025-04-03 00:00,BG-Sentinel,Partial,Valid,Officer E,,data_generator,2025-04-03
EVT-01014,TRP-006,ST-006,2024-25,2025-04-08 00:00,2025-04-10 00:00,BG-Sentinel,Successful,Valid,Officer E,,data_generator,2025-04-10
EVT-01015,TRP-006,ST-006,2024-25,2025-04-15 00:00,2025-04-17 00:00,BG-Sentinel,Successful,Valid,Officer D,,data_generator,2025-04-17
EVT-01016,TRP-006,ST-006,2024-25,2025-04-22 00:00,2025-04-24 00:00,BG-Sentinel,Successful,Valid,Officer E,,data_generator,2025-04-24
EVT-01017,TRP-006,ST-006,2024-25,2025-04-29 00:00,2025-05-01 00:00,BG-Sentinel,Successful,Valid,Officer E,,data_generator,2025-05-01
EVT-01018,TRP-006,ST-006,2024-25,2025-05-06 00:00,2025-05-08 00:00,BG-Sentinel,Successful,Valid,Officer F,,data_generator,2025-05-08
EVT-01019,TRP-006,ST-006,2024-25,2025-05-13 00:00,2025-05-15 00:00,BG-Sentinel,Successful,Valid,Officer C,,data_generator,2025-05-15
EVT-01020,TRP-006,ST-006,2024-25,2025-05-20 00:00,2025-05-22 00:00,BG-Sentinel,Successful,Valid,Officer E,,data_generator,2025-05-22
EVT-01021,TRP-007,ST-007,2024-25,2024-10-01 00:00,2024-10-03 00:00,CDC Light Trap,Successful,Valid,Officer D,,data_generator,2024-10-03
EVT-01022,TRP-007,ST-007,2024-25,2024-10-08 00:00,2024-10-10 00:00,CDC Light Trap,Successful,Valid,Officer C,,data_generator,2024-10-10
EVT-01023,TRP-007,ST-007,2024-25,2024-10-15 00:00,2024-10-17 00:00,CDC Light Trap,Successful,Valid,Officer E,,data_generator,2024-10-17
EVT-01024,TRP-007,ST-007,2024-25,2024-10-22 00:00,2024-10-24 00:00,CDC Light Trap,Successful,Valid,Officer A,,data_generator,2024-10-24
EVT-01025,TRP-007,ST-007,2024-25,2024-10-29 00:00,2024-10-31 00:00,CDC Light Trap,Successful,Valid,Officer F,,data_generator,2024-10-31
EVT-01026,TRP-007,ST-007,2024-25,2024-11-05 00:00,2024-11-07 00:00,CDC Light Trap,Missing,N/A,Officer C,,data_generator,2024-11-07
EVT-01027,TRP-007,ST-007,2024-25,2024-11-12 00:00,2024-11-14 00:00,CDC Light Trap,Successful,Valid,Officer F,,data_generator,2024-11-14
EVT-01028,TRP-007,ST-007,2024-25,2024-11-19 00:00,2024-11-21 00:00,CDC Light Trap,Successful,Valid,Officer B,,data_generator,2024-11-21
EVT-01029,TRP-007,ST-007,2024-25,2024-11-26 00:00,2024-11-28 00:00,CDC Light Trap,Successful,Valid,Officer F,,data_generator,2024-11-28
EVT-01030,TRP-007,ST-007,2024-25,2024-12-03 00:00,2024-12-05 00:00,CDC Light Trap,Successful,Valid,Officer C,,data_generator,2024-12-05
EVT-01031,TRP-007,ST-007,2024-25,2024-12-10 00:00,2024-12-12 00:00,CDC Light Trap,Successful,Valid,Officer B,,data_generator,2024-12-12
EVT-01032,TRP-007,ST-007,2024-25,2024-12-17 00:00,2024-12-19 00:00,CDC Light Trap,Successful,Valid,Officer F,,data_generator,2024-12-19
EVT-01033,TRP-007,ST-007,2024-25,2024-12-24 00:00,2024-12-26 00:00,CDC Light Trap,Successful,Valid,Officer F,,data_generator,2024-12-26
EVT-01034,TRP-007,ST-007,2024-25,2024-12-31 00:00,2025-01-02 00:00,CDC Light Trap,Successful,Valid,Officer E,,data_generator,2025-01-02
EVT-01035,TRP-007,ST-007,2024-25,2025-01-07 00:00,2025-01-09 00:00,CDC Light Trap,Successful,Valid,Officer F,,data_generator,2025-01-09
EVT-01036,TRP-007,ST-007,2024-25,2025-01-14 00:00,2025-01-16 00:00,CDC Light Trap,Successful,Valid,Officer E,,data_generator,2025-01-16
EVT-01037,TRP-007,ST-007,2024-25,2025-01-21 00:00,2025-01-23 00:00,CDC Light Trap,Successful,Valid,Officer B,,data_generator,2025-01-23
EVT-01038,TRP-007,ST-007,2024-25,2025-01-28 00:00,2025-01-30 00:00,CDC Light Trap,Successful,Valid,Officer D,,data_generator,2025-01-30
EVT-01039,TRP-007,ST-007,2024-25,2025-02-04 00:00,2025-02-06 00:00,CDC Light Trap,Successful,Valid,Officer F,,data_generator,2025-02-06
EVT-01040,TRP-007,ST-007,2024-25,2025-02-11 00:00,2025-02-13 00:00,CDC Light Trap,Successful,Valid,Officer E,,data_generator,2025-02-13
EVT-01041,TRP-007,ST-007,2024-25,2025-02-18 00:00,2025-02-20 00:00,CDC Light Trap,Partial,Valid,Officer C,,data_generator,2025-02-20
EVT-01042,TRP-007,ST-007,2024-25,2025-02-25 00:00,2025-02-27 00:00,CDC Light Trap,Successful,Valid,Officer B,,data_generator,2025-02-27
EVT-01043,TRP-007,ST-007,2024-25,2025-03-04 00:00,2025-03-06 00:00,CDC Light Trap,Successful,Valid,Officer B,,data_generator,2025-03-06
EVT-01044,TRP-007,ST-007,2024-25,2025-03-11 00:00,2025-03-13 00:00,CDC Light Trap,Successful,Valid,Officer B,,data_generator,2025-03-13
EVT-01045,TRP-007,ST-007,2024-25,2025-03-18 00:00,2025-03-20 00:00,CDC Light Trap,Successful,Valid,Officer C,,data_generator,2025-03-20
EVT-01046,TRP-007,ST-007,2024-25,2025-03-25 00:00,2025-03-27 00:00,CDC Light Trap,Successful,Valid,Officer D,,data_generator,2025-03-27
EVT-01047,TRP-007,ST-007,2024-25,2025-04-01 00:00,2025-04-03 00:00,CDC Light Trap,Successful,Valid,Officer E,,data_generator,2025-04-03
EVT-01048,TRP-007,ST-007,2024-25,2025-04-08 00:00,2025-04-10 00:00,CDC Light Trap,Successful,Valid,Officer E,,data_generator,2025-04-10
EVT-01049,TRP-007,ST-007,2024-25,2025-04-15 00:00,2025-04-17 00:00,CDC Light Trap,Successful,Valid,Officer F,,data_generator,2025-04-17
EVT-01050,TRP-007,ST-007,2024-25,2025-04-22 00:00,2025-04-24 00:00,CDC Light Trap,Successful,Valid,Officer D,,data_generator,2025-04-24
EVT-01051,TRP-007,ST-007,2024-25,2025-04-29 00:00,2025-05-01 00:00,CDC Light Trap,Successful,Valid,Officer C,,data_generator,2025-05-01
EVT-01052,TRP-007,ST-007,2024-25,2025-05-06 00:00,2025-05-08 00:00,CDC Light Trap,Successful,Valid,Officer E,,data_generator,2025-05-08
EVT-01053,TRP-007,ST-007,2024-25,2025-05-13 00:00,2025-05-15 00:00,CDC Light Trap,Successful,Valid,Officer E,,data_generator,2025-05-15
EVT-01054,TRP-007,ST-007,2024-25,2025-05-20 00:00,2025-05-22 00:00,CDC Light Trap,Missing,N/A,Officer A,,data_generator,2025-05-22
EVT-01055,TRP-008,ST-008,2024-25,2024-10-01 00:00,2024-10-03 00:00,Gravid Trap,Failed - Equipment/Battery,Invalid,Officer B,,data_generator,2024-10-03
EVT-01056,TRP-008,ST-008,2024-25,2024-10-08 00:00,2024-10-10 00:00,Gravid Trap,Successful,Valid,Officer A,,data_generator,2024-10-10
EVT-01057,TRP-008,ST-008,2024-25,2024-10-15 00:00,2024-10-17 00:00,Gravid Trap,Successful,Valid,Officer F,,data_generator,2024-10-17
EVT-01058,TRP-008,ST-008,2024-25,2024-10-22 00:00,2024-10-24 00:00,Gravid Trap,Successful,Valid,Officer E,,data_generator,2024-10-24
EVT-01059,TRP-008,ST-008,2024-25,2024-10-29 00:00,2024-10-31 00:00,Gravid Trap,Successful,Valid,Officer C,,data_generator,2024-10-31
EVT-01060,TRP-008,ST-008,2024-25,2024-11-05 00:00,2024-11-07 00:00,Gravid Trap,Successful,Valid,Officer B,,data_generator,2024-11-07
EVT-01061,TRP-008,ST-008,2024-25,2024-11-12 00:00,2024-11-14 00:00,Gravid Trap,Successful,Valid,Officer B,,data_generator,2024-11-14
EVT-01062,TRP-008,ST-008,2024-25,2024-11-19 00:00,2024-11-21 00:00,Gravid Trap,Successful,Valid,Officer E,,data_generator,2024-11-21
EVT-01063,TRP-008,ST-008,2024-25,2024-11-26 00:00,2024-11-28 00:00,Gravid Trap,Successful,Valid,Officer C,,data_generator,2024-11-28
EVT-01064,TRP-008,ST-008,2024-25,2024-12-03 00:00,2024-12-05 00:00,Gravid Trap,Successful,Valid,Officer F,,data_generator,2024-12-05
EVT-01065,TRP-008,ST-008,2024-25,2024-12-10 00:00,2024-12-12 00:00,Gravid Trap,Successful,Valid,Officer F,,data_generator,2024-12-12
EVT-01066,TRP-008,ST-008,2024-25,2024-12-17 00:00,2024-12-19 00:00,Gravid Trap,Successful,Valid,Officer A,,data_generator,2024-12-19
EVT-01067,TRP-008,ST-008,2024-25,2024-12-24 00:00,2024-12-26 00:00,Gravid Trap,Successful,Valid,Officer D,,data_generator,2024-12-26
EVT-01068,TRP-008,ST-008,2024-25,2024-12-31 00:00,2025-01-02 00:00,Gravid Trap,Successful,Valid,Officer D,,data_generator,2025-01-02
EVT-01069,TRP-008,ST-008,2024-25,2025-01-07 00:00,2025-01-09 00:00,Gravid Trap,Successful,Valid,Officer D,,data_generator,2025-01-09
EVT-01070,TRP-008,ST-008,2024-25,2025-01-14 00:00,2025-01-16 00:00,Gravid Trap,Successful,Valid,Officer A,,data_generator,2025-01-16
EVT-01071,TRP-008,ST-008,2024-25,2025-01-21 00:00,2025-01-23 00:00,Gravid Trap,Successful,Valid,Officer E,,data_generator,2025-01-23
EVT-01072,TRP-008,ST-008,2024-25,2025-01-28 00:00,2025-01-30 00:00,Gravid Trap,Successful,Valid,Officer C,,data_generator,2025-01-30
EVT-01073,TRP-008,ST-008,2024-25,2025-02-04 00:00,2025-02-06 00:00,Gravid Trap,Successful,Valid,Officer A,,data_generator,2025-02-06
EVT-01074,TRP-008,ST-008,2024-25,2025-02-11 00:00,2025-02-13 00:00,Gravid Trap,Successful,Valid,Officer F,,data_generator,2025-02-13
EVT-01075,TRP-008,ST-008,2024-25,2025-02-18 00:00,2025-02-20 00:00,Gravid Trap,Successful,Valid,Officer A,,data_generator,2025-02-20
EVT-01076,TRP-008,ST-008,2024-25,2025-02-25 00:00,2025-02-27 00:00,Gravid Trap,Successful,Valid,Officer E,,data_generator,2025-02-27
EVT-01077,TRP-008,ST-008,2024-25,2025-03-04 00:00,2025-03-06 00:00,Gravid Trap,Successful,Valid,Officer B,,data_generator,2025-03-06
EVT-01078,TRP-008,ST-008,2024-25,2025-03-11 00:00,2025-03-13 00:00,Gravid Trap,Successful,Valid,Officer F,,data_generator,2025-03-13
EVT-01079,TRP-008,ST-008,2024-25,2025-03-18 00:00,2025-03-20 00:00,Gravid Trap,Successful,Valid,Officer A,,data_generator,2025-03-20
EVT-01080,TRP-008,ST-008,2024-25,2025-03-25 00:00,2025-03-27 00:00,Gravid Trap,Successful,Valid,Officer F,,data_generator,2025-03-27
EVT-01081,TRP-008,ST-008,2024-25,2025-04-01 00:00,2025-04-03 00:00,Gravid Trap,Successful,Valid,Officer E,,data_generator,2025-04-03
EVT-01082,TRP-008,ST-008,2024-25,2025-04-08 00:00,2025-04-10 00:00,Gravid Trap,Successful,Valid,Officer E,,data_generator,2025-04-10
EVT-01083,TRP-008,ST-008,2024-25,2025-04-15 00:00,2025-04-17 00:00,Gravid Trap,Successful,Valid,Officer F,,data_generator,2025-04-17
EVT-01084,TRP-008,ST-008,2024-25,2025-04-22 00:00,2025-04-24 00:00,Gravid Trap,Successful,Valid,Officer A,,data_generator,2025-04-24
EVT-01085,TRP-008,ST-008,2024-25,2025-04-29 00:00,2025-05-01 00:00,Gravid Trap,Successful,Valid,Officer F,,data_generator,2025-05-01
EVT-01086,TRP-008,ST-008,2024-25,2025-05-06 00:00,2025-05-08 00:00,Gravid Trap,Successful,Valid,Officer F,,data_generator,2025-05-08
EVT-01087,TRP-008,ST-008,2024-25,2025-05-13 00:00,2025-05-15 00:00,Gravid Trap,Successful,Valid,Officer F,,data_generator,2025-05-15
EVT-01088,TRP-008,ST-008,2024-25,2025-05-20 00:00,2025-05-22 00:00,Gravid Trap,Successful,Valid,Officer D,,data_generator,2025-05-22
EVT-01089,TRP-009,ST-009,2024-25,2024-10-01 00:00,2024-10-03 00:00,BG-Sentinel,Successful,Valid,Officer F,,data_generator,2024-10-03
EVT-01090,TRP-009,ST-009,2024-25,2024-10-08 00:00,2024-10-10 00:00,BG-Sentinel,Successful,Valid,Officer F,,data_generator,2024-10-10
EVT-01091,TRP-009,ST-009,2024-25,2024-10-15 00:00,2024-10-17 00:00,BG-Sentinel,Successful,Valid,Officer E,,data_generator,2024-10-17
EVT-01092,TRP-009,ST-009,2024-25,2024-10-22 00:00,2024-10-24 00:00,BG-Sentinel,Partial,Valid,Officer A,,data_generator,2024-10-24
EVT-01093,TRP-009,ST-009,2024-25,2024-10-29 00:00,2024-10-31 00:00,BG-Sentinel,Successful,Valid,Officer A,,data_generator,2024-10-31
EVT-01094,TRP-009,ST-009,2024-25,2024-11-05 00:00,2024-11-07 00:00,BG-Sentinel,Successful,Valid,Officer B,,data_generator,2024-11-07
EVT-01095,TRP-009,ST-009,2024-25,2024-11-12 00:00,2024-11-14 00:00,BG-Sentinel,Partial,Valid,Officer A,,data_generator,2024-11-14
EVT-01096,TRP-009,ST-009,2024-25,2024-11-19 00:00,2024-11-21 00:00,BG-Sentinel,Successful,Valid,Officer C,,data_generator,2024-11-21
EVT-01097,TRP-009,ST-009,2024-25,2024-11-26 00:00,2024-11-28 00:00,BG-Sentinel,Successful,Valid,Officer C,,data_generator,2024-11-28
EVT-01098,TRP-009,ST-009,2024-25,2024-12-03 00:00,2024-12-05 00:00,BG-Sentinel,Successful,Valid,Officer F,,data_generator,2024-12-05
EVT-01099,TRP-009,ST-009,2024-25,2024-12-10 00:00,2024-12-12 00:00,BG-Sentinel,Successful,Valid,Officer B,,data_generator,2024-12-12
EVT-01100,TRP-009,ST-009,2024-25,2024-12-17 00:00,2024-12-19 00:00,BG-Sentinel,Successful,Valid,Officer E,,data_generator,2024-12-19
EVT-01101,TRP-009,ST-009,2024-25,2024-12-24 00:00,2024-12-26 00:00,BG-Sentinel,Successful,Valid,Officer D,,data_generator,2024-12-26
EVT-01102,TRP-009,ST-009,2024-25,2024-12-31 00:00,2025-01-02 00:00,BG-Sentinel,Successful,Valid,Officer E,,data_generator,2025-01-02
EVT-01103,TRP-009,ST-009,2024-25,2025-01-07 00:00,2025-01-09 00:00,BG-Sentinel,Successful,Valid,Officer B,,data_generator,2025-01-09
EVT-01104,TRP-009,ST-009,2024-25,2025-01-14 00:00,2025-01-16 00:00,BG-Sentinel,Successful,Valid,Officer B,,data_generator,2025-01-16
EVT-01105,TRP-009,ST-009,2024-25,2025-01-21 00:00,2025-01-23 00:00,BG-Sentinel,Successful,Valid,Officer A,,data_generator,2025-01-23
EVT-01106,TRP-009,ST-009,2024-25,2025-01-28 00:00,2025-01-30 00:00,BG-Sentinel,Successful,Valid,Officer C,,data_generator,2025-01-30
EVT-01107,TRP-009,ST-009,2024-25,2025-02-04 00:00,2025-02-06 00:00,BG-Sentinel,Successful,Valid,Officer F,,data_generator,2025-02-06
EVT-01108,TRP-009,ST-009,2024-25,2025-02-11 00:00,2025-02-13 00:00,BG-Sentinel,Successful,Valid,Officer D,,data_generator,2025-02-13
EVT-01109,TRP-009,ST-009,2024-25,2025-02-18 00:00,2025-02-20 00:00,BG-Sentinel,Successful,Valid,Officer A,,data_generator,2025-02-20
EVT-01110,TRP-009,ST-009,2024-25,2025-02-25 00:00,2025-02-27 00:00,BG-Sentinel,Successful,Valid,Officer B,,data_generator,2025-02-27
EVT-01111,TRP-009,ST-009,2024-25,2025-03-04 00:00,2025-03-06 00:00,BG-Sentinel,Partial,Valid,Officer E,,data_generator,2025-03-06
EVT-01112,TRP-009,ST-009,2024-25,2025-03-11 00:00,2025-03-13 00:00,BG-Sentinel,Successful,Valid,Officer D,,data_generator,2025-03-13
EVT-01113,TRP-009,ST-009,2024-25,2025-03-18 00:00,2025-03-20 00:00,BG-Sentinel,Successful,Valid,Officer A,,data_generator,2025-03-20
EVT-01114,TRP-009,ST-009,2024-25,2025-03-25 00:00,2025-03-27 00:00,BG-Sentinel,Successful,Valid,Officer A,,data_generator,2025-03-27
EVT-01115,TRP-009,ST-009,2024-25,2025-04-01 00:00,2025-04-03 00:00,BG-Sentinel,Successful,Valid,Officer D,,data_generator,2025-04-03
EVT-01116,TRP-009,ST-009,2024-25,2025-04-08 00:00,2025-04-10 00:00,BG-Sentinel,Successful,Valid,Officer A,,data_generator,2025-04-10
EVT-01117,TRP-009,ST-009,2024-25,2025-04-15 00:00,2025-04-17 00:00,BG-Sentinel,Successful,Valid,Officer E,,data_generator,2025-04-17
EVT-01118,TRP-009,ST-009,2024-25,2025-04-22 00:00,2025-04-24 00:00,BG-Sentinel,Successful,Valid,Officer E,,data_generator,2025-04-24
EVT-01119,TRP-009,ST-009,2024-25,2025-04-29 00:00,2025-05-01 00:00,BG-Sentinel,Successful,Valid,Officer E,,data_generator,2025-05-01
EVT-01120,TRP-009,ST-009,2024-25,2025-05-06 00:00,2025-05-08 00:00,BG-Sentinel,Successful,Valid,Officer D,,data_generator,2025-05-08
EVT-01121,TRP-009,ST-009,2024-25,2025-05-13 00:00,2025-05-15 00:00,BG-Sentinel,Successful,Valid,Officer C,,data_generator,2025-05-15
EVT-01122,TRP-009,ST-009,2024-25,2025-05-20 00:00,2025-05-22 00:00,BG-Sentinel,Successful,Valid,Officer F,,data_generator,2025-05-22
EVT-01123,TRP-010,ST-010,2024-25,2024-10-01 00:00,2024-10-03 00:00,CDC Light Trap,Successful,Valid,Officer E,,data_generator,2024-10-03
EVT-01124,TRP-010,ST-010,2024-25,2024-10-08 00:00,2024-10-10 00:00,CDC Light Trap,Successful,Valid,Officer F,,data_generator,2024-10-10
EVT-01125,TRP-010,ST-010,2024-25,2024-10-15 00:00,2024-10-17 00:00,CDC Light Trap,Successful,Valid,Officer F,,data_generator,2024-10-17
EVT-01126,TRP-010,ST-010,2024-25,2024-10-22 00:00,2024-10-24 00:00,CDC Light Trap,Successful,Valid,Officer F,,data_generator,2024-10-24
EVT-01127,TRP-010,ST-010,2024-25,2024-10-29 00:00,2024-10-31 00:00,CDC Light Trap,Successful,Valid,Officer E,,data_generator,2024-10-31
EVT-01128,TRP-010,ST-010,2024-25,2024-11-05 00:00,2024-11-07 00:00,CDC Light Trap,Successful,Valid,Officer B,,data_generator,2024-11-07
EVT-01129,TRP-010,ST-010,2024-25,2024-11-12 00:00,2024-11-14 00:00,CDC Light Trap,Successful,Valid,Officer D,,data_generator,2024-11-14
EVT-01130,TRP-010,ST-010,2024-25,2024-11-19 00:00,2024-11-21 00:00,CDC Light Trap,Successful,Valid,Officer F,,data_generator,2024-11-21
EVT-01131,TRP-010,ST-010,2024-25,2024-11-26 00:00,2024-11-28 00:00,CDC Light Trap,Successful,Valid,Officer A,,data_generator,2024-11-28
EVT-01132,TRP-010,ST-010,2024-25,2024-12-03 00:00,2024-12-05 00:00,CDC Light Trap,Successful,Valid,Officer F,,data_generator,2024-12-05
EVT-01133,TRP-010,ST-010,2024-25,2024-12-10 00:00,2024-12-12 00:00,CDC Light Trap,Successful,Valid,Officer F,,data_generator,2024-12-12
EVT-01134,TRP-010,ST-010,2024-25,2024-12-17 00:00,2024-12-19 00:00,CDC Light Trap,Successful,Valid,Officer E,,data_generator,2024-12-19
EVT-01135,TRP-010,ST-010,2024-25,2024-12-24 00:00,2024-12-26 00:00,CDC Light Trap,Partial,Valid,Officer D,,data_generator,2024-12-26
EVT-01136,TRP-010,ST-010,2024-25,2024-12-31 00:00,2025-01-02 00:00,CDC Light Trap,Successful,Valid,Officer A,,data_generator,2025-01-02
EVT-01137,TRP-010,ST-010,2024-25,2025-01-07 00:00,2025-01-09 00:00,CDC Light Trap,Successful,Valid,Officer B,,data_generator,2025-01-09
EVT-01138,TRP-010,ST-010,2024-25,2025-01-14 00:00,2025-01-16 00:00,CDC Light Trap,Successful,Valid,Officer C,,data_generator,2025-01-16
EVT-01139,TRP-010,ST-010,2024-25,2025-01-21 00:00,2025-01-23 00:00,CDC Light Trap,Successful,Valid,Officer F,,data_generator,2025-01-23
EVT-01140,TRP-010,ST-010,2024-25,2025-01-28 00:00,2025-01-30 00:00,CDC Light Trap,Successful,Valid,Officer D,,data_generator,2025-01-30
EVT-01141,TRP-010,ST-010,2024-25,2025-02-04 00:00,2025-02-06 00:00,CDC Light Trap,Successful,Valid,Officer B,,data_generator,2025-02-06
EVT-01142,TRP-010,ST-010,2024-25,2025-02-11 00:00,2025-02-13 00:00,CDC Light Trap,Successful,Valid,Officer F,,data_generator,2025-02-13
EVT-01143,TRP-010,ST-010,2024-25,2025-02-18 00:00,2025-02-20 00:00,CDC Light Trap,Successful,Valid,Officer E,,data_generator,2025-02-20
EVT-01144,TRP-010,ST-010,2024-25,2025-02-25 00:00,2025-02-27 00:00,CDC Light Trap,Missing,N/A,Officer A,,data_generator,2025-02-27
EVT-01145,TRP-010,ST-010,2024-25,2025-03-04 00:00,2025-03-06 00:00,CDC Light Trap,Successful,Valid,Officer A,,data_generator,2025-03-06
EVT-01146,TRP-010,ST-010,2024-25,2025-03-11 00:00,2025-03-13 00:00,CDC Light Trap,Successful,Valid,Officer A,,data_generator,2025-03-13
EVT-01147,TRP-010,ST-010,2024-25,2025-03-18 00:00,2025-03-20 00:00,CDC Light Trap,Successful,Valid,Officer A,,data_generator,2025-03-20
EVT-01148,TRP-010,ST-010,2024-25,2025-03-25 00:00,2025-03-27 00:00,CDC Light Trap,Successful,Valid,Officer B,,data_generator,2025-03-27
EVT-01149,TRP-010,ST-010,2024-25,2025-04-01 00:00,2025-04-03 00:00,CDC Light Trap,Successful,Valid,Officer A,,data_generator,2025-04-03
EVT-01150,TRP-010,ST-010,2024-25,2025-04-08 00:00,2025-04-10 00:00,CDC Light Trap,Successful,Valid,Officer D,,data_generator,2025-04-10
EVT-01151,TRP-010,ST-010,2024-25,2025-04-15 00:00,2025-04-17 00:00,CDC Light Trap,Successful,Valid,Officer D,,data_generator,2025-04-17
EVT-01152,TRP-010,ST-010,2024-25,2025-04-22 00:00,2025-04-24 00:00,CDC Light Trap,Successful,Valid,Officer A,,data_generator,2025-04-24
EVT-01153,TRP-010,ST-010,2024-25,2025-04-29 00:00,2025-05-01 00:00,CDC Light Trap,Successful,Valid,Officer F,,data_generator,2025-05-01
EVT-01154,TRP-010,ST-010,2024-25,2025-05-06 00:00,2025-05-08 00:00,CDC Light Trap,Successful,Valid,Officer A,,data_generator,2025-05-08
EVT-01155,TRP-010,ST-010,2024-25,2025-05-13 00:00,2025-05-15 00:00,CDC Light Trap,Successful,Valid,Officer E,,data_generator,2025-05-15
EVT-01156,TRP-010,ST-010,2024-25,2025-05-20 00:00,2025-05-22 00:00,CDC Light Trap,Successful,Valid,Officer F,,data_generator,2025-05-22
EVT-01157,TRP-011,ST-010,2024-25,2024-10-01 00:00,2024-10-03 00:00,EVS (CO2-baited),Successful,Valid,Officer B,,data_generator,2024-10-03
EVT-01158,TRP-011,ST-010,2024-25,2024-10-08 00:00,2024-10-10 00:00,EVS (CO2-baited),Successful,Valid,Officer B,,data_generator,2024-10-10
EVT-01159,TRP-011,ST-010,2024-25,2024-10-15 00:00,2024-10-17 00:00,EVS (CO2-baited),Successful,Valid,Officer D,,data_generator,2024-10-17
EVT-01160,TRP-011,ST-010,2024-25,2024-10-22 00:00,2024-10-24 00:00,EVS (CO2-baited),Missing,N/A,Officer F,,data_generator,2024-10-24
EVT-01161,TRP-011,ST-010,2024-25,2024-10-29 00:00,2024-10-31 00:00,EVS (CO2-baited),Successful,Valid,Officer D,,data_generator,2024-10-31
EVT-01162,TRP-011,ST-010,2024-25,2024-11-05 00:00,2024-11-07 00:00,EVS (CO2-baited),Successful,Valid,Officer A,,data_generator,2024-11-07
EVT-01163,TRP-011,ST-010,2024-25,2024-11-12 00:00,2024-11-14 00:00,EVS (CO2-baited),Successful,Valid,Officer A,,data_generator,2024-11-14
EVT-01164,TRP-011,ST-010,2024-25,2024-11-19 00:00,2024-11-21 00:00,EVS (CO2-baited),Successful,Valid,Officer E,,data_generator,2024-11-21
EVT-01165,TRP-011,ST-010,2024-25,2024-11-26 00:00,2024-11-28 00:00,EVS (CO2-baited),Successful,Valid,Officer B,,data_generator,2024-11-28
EVT-01166,TRP-011,ST-010,2024-25,2024-12-03 00:00,2024-12-05 00:00,EVS (CO2-baited),Partial,Valid,Officer B,,data_generator,2024-12-05
EVT-01167,TRP-011,ST-010,2024-25,2024-12-10 00:00,2024-12-12 00:00,EVS (CO2-baited),Successful,Valid,Officer B,,data_generator,2024-12-12
EVT-01168,TRP-011,ST-010,2024-25,2024-12-17 00:00,2024-12-19 00:00,EVS (CO2-baited),Successful,Valid,Officer F,,data_generator,2024-12-19
EVT-01169,TRP-011,ST-010,2024-25,2024-12-24 00:00,2024-12-26 00:00,EVS (CO2-baited),Successful,Valid,Officer B,,data_generator,2024-12-26
EVT-01170,TRP-011,ST-010,2024-25,2024-12-31 00:00,2025-01-02 00:00,EVS (CO2-baited),Successful,Valid,Officer B,,data_generator,2025-01-02
EVT-01171,TRP-011,ST-010,2024-25,2025-01-07 00:00,2025-01-09 00:00,EVS (CO2-baited),Successful,Valid,Officer F,,data_generator,2025-01-09
EVT-01172,TRP-011,ST-010,2024-25,2025-01-14 00:00,2025-01-16 00:00,EVS (CO2-baited),Successful,Valid,Officer A,,data_generator,2025-01-16
EVT-01173,TRP-011,ST-010,2024-25,2025-01-21 00:00,2025-01-23 00:00,EVS (CO2-baited),Successful,Valid,Officer D,,data_generator,2025-01-23
EVT-01174,TRP-011,ST-010,2024-25,2025-01-28 00:00,2025-01-30 00:00,EVS (CO2-baited),Successful,Valid,Officer D,,data_generator,2025-01-30
EVT-01175,TRP-011,ST-010,2024-25,2025-02-04 00:00,2025-02-06 00:00,EVS (CO2-baited),Successful,Valid,Officer A,,data_generator,2025-02-06
EVT-01176,TRP-011,ST-010,2024-25,2025-02-11 00:00,2025-02-13 00:00,EVS (CO2-baited),Successful,Valid,Officer A,,data_generator,2025-02-13
EVT-01177,TRP-011,ST-010,2024-25,2025-02-18 00:00,2025-02-20 00:00,EVS (CO2-baited),Successful,Valid,Officer D,,data_generator,2025-02-20
EVT-01178,TRP-011,ST-010,2024-25,2025-02-25 00:00,2025-02-27 00:00,EVS (CO2-baited),Missing,N/A,Officer C,,data_generator,2025-02-27
EVT-01179,TRP-011,ST-010,2024-25,2025-03-04 00:00,2025-03-06 00:00,EVS (CO2-baited),Successful,Valid,Officer F,,data_generator,2025-03-06
EVT-01180,TRP-011,ST-010,2024-25,2025-03-11 00:00,2025-03-13 00:00,EVS (CO2-baited),Successful,Valid,Officer A,,data_generator,2025-03-13
EVT-01181,TRP-011,ST-010,2024-25,2025-03-18 00:00,2025-03-20 00:00,EVS (CO2-baited),Successful,Valid,Officer D,,data_generator,2025-03-20
EVT-01182,TRP-011,ST-010,2024-25,2025-03-25 00:00,2025-03-27 00:00,EVS (CO2-baited),Successful,Valid,Officer B,,data_generator,2025-03-27
EVT-01183,TRP-011,ST-010,2024-25,2025-04-01 00:00,2025-04-03 00:00,EVS (CO2-baited),Successful,Valid,Officer F,,data_generator,2025-04-03
EVT-01184,TRP-011,ST-010,2024-25,2025-04-08 00:00,2025-04-10 00:00,EVS (CO2-baited),Successful,Valid,Officer A,,data_generator,2025-04-10
EVT-01185,TRP-011,ST-010,2024-25,2025-04-15 00:00,2025-04-17 00:00,EVS (CO2-baited),Successful,Valid,Officer A,,data_generator,2025-04-17
EVT-01186,TRP-011,ST-010,2024-25,2025-04-22 00:00,2025-04-24 00:00,EVS (CO2-baited),Successful,Valid,Officer D,,data_generator,2025-04-24
EVT-01187,TRP-011,ST-010,2024-25,2025-04-29 00:00,2025-05-01 00:00,EVS (CO2-baited),Failed - Equipment/Battery,Invalid,Officer E,,data_generator,2025-05-01
EVT-01188,TRP-011,ST-010,2024-25,2025-05-06 00:00,2025-05-08 00:00,EVS (CO2-baited),Successful,Valid,Officer D,,data_generator,2025-05-08
EVT-01189,TRP-011,ST-010,2024-25,2025-05-13 00:00,2025-05-15 00:00,EVS (CO2-baited),Successful,Valid,Officer A,,data_generator,2025-05-15
EVT-01190,TRP-011,ST-010,2024-25,2025-05-20 00:00,2025-05-22 00:00,EVS (CO2-baited),Successful,Valid,Officer D,,data_generator,2025-05-22
EVT-01191,TRP-012,ST-011,2024-25,2024-10-01 00:00,2024-10-03 00:00,EVS (CO2-baited),Successful,Valid,Officer F,,data_generator,2024-10-03
EVT-01192,TRP-012,ST-011,2024-25,2024-10-08 00:00,2024-10-10 00:00,EVS (CO2-baited),Successful,Valid,Officer B,,data_generator,2024-10-10
EVT-01193,TRP-012,ST-011,2024-25,2024-10-15 00:00,2024-10-17 00:00,EVS (CO2-baited),Successful,Valid,Officer F,,data_generator,2024-10-17
EVT-01194,TRP-012,ST-011,2024-25,2024-10-22 00:00,2024-10-24 00:00,EVS (CO2-baited),Missing,N/A,Officer C,,data_generator,2024-10-24
EVT-01195,TRP-012,ST-011,2024-25,2024-10-29 00:00,2024-10-31 00:00,EVS (CO2-baited),Successful,Valid,Officer F,,data_generator,2024-10-31
EVT-01196,TRP-012,ST-011,2024-25,2024-11-05 00:00,2024-11-07 00:00,EVS (CO2-baited),Successful,Valid,Officer D,,data_generator,2024-11-07
EVT-01197,TRP-012,ST-011,2024-25,2024-11-12 00:00,2024-11-14 00:00,EVS (CO2-baited),Successful,Valid,Officer E,,data_generator,2024-11-14
EVT-01198,TRP-012,ST-011,2024-25,2024-11-19 00:00,2024-11-21 00:00,EVS (CO2-baited),Successful,Valid,Officer B,,data_generator,2024-11-21
EVT-01199,TRP-012,ST-011,2024-25,2024-11-26 00:00,2024-11-28 00:00,EVS (CO2-baited),Missing,N/A,Officer D,,data_generator,2024-11-28
EVT-01200,TRP-012,ST-011,2024-25,2024-12-03 00:00,2024-12-05 00:00,EVS (CO2-baited),Successful,Valid,Officer B,,data_generator,2024-12-05
EVT-01201,TRP-012,ST-011,2024-25,2024-12-10 00:00,2024-12-12 00:00,EVS (CO2-baited),Successful,Valid,Officer A,,data_generator,2024-12-12
EVT-01202,TRP-012,ST-011,2024-25,2024-12-17 00:00,2024-12-19 00:00,EVS (CO2-baited),Successful,Valid,Officer C,,data_generator,2024-12-19
EVT-01203,TRP-012,ST-011,2024-25,2024-12-24 00:00,2024-12-26 00:00,EVS (CO2-baited),Successful,Valid,Officer F,,data_generator,2024-12-26
EVT-01204,TRP-012,ST-011,2024-25,2024-12-31 00:00,2025-01-02 00:00,EVS (CO2-baited),Successful,Valid,Officer A,,data_generator,2025-01-02
EVT-01205,TRP-012,ST-011,2024-25,2025-01-07 00:00,2025-01-09 00:00,EVS (CO2-baited),Successful,Valid,Officer A,,data_generator,2025-01-09
EVT-01206,TRP-012,ST-011,2024-25,2025-01-14 00:00,2025-01-16 00:00,EVS (CO2-baited),Successful,Valid,Officer D,,data_generator,2025-01-16
EVT-01207,TRP-012,ST-011,2024-25,2025-01-21 00:00,2025-01-23 00:00,EVS (CO2-baited),Successful,Valid,Officer D,,data_generator,2025-01-23
EVT-01208,TRP-012,ST-011,2024-25,2025-01-28 00:00,2025-01-30 00:00,EVS (CO2-baited),Successful,Valid,Officer D,,data_generator,2025-01-30
EVT-01209,TRP-012,ST-011,2024-25,2025-02-04 00:00,2025-02-06 00:00,EVS (CO2-baited),Successful,Valid,Officer B,,data_generator,2025-02-06
EVT-01210,TRP-012,ST-011,2024-25,2025-02-11 00:00,2025-02-13 00:00,EVS (CO2-baited),Successful,Valid,Officer F,,data_generator,2025-02-13
EVT-01211,TRP-012,ST-011,2024-25,2025-02-18 00:00,2025-02-20 00:00,EVS (CO2-baited),Successful,Valid,Officer E,,data_generator,2025-02-20
EVT-01212,TRP-012,ST-011,2024-25,2025-02-25 00:00,2025-02-27 00:00,EVS (CO2-baited),Successful,Valid,Officer E,,data_generator,2025-02-27
EVT-01213,TRP-012,ST-011,2024-25,2025-03-04 00:00,2025-03-06 00:00,EVS (CO2-baited),Successful,Valid,Officer C,,data_generator,2025-03-06
EVT-01214,TRP-012,ST-011,2024-25,2025-03-11 00:00,2025-03-13 00:00,EVS (CO2-baited),Successful,Valid,Officer A,,data_generator,2025-03-13
EVT-01215,TRP-012,ST-011,2024-25,2025-03-18 00:00,2025-03-20 00:00,EVS (CO2-baited),Successful,Valid,Officer B,,data_generator,2025-03-20
EVT-01216,TRP-012,ST-011,2024-25,2025-03-25 00:00,2025-03-27 00:00,EVS (CO2-baited),Successful,Valid,Officer F,,data_generator,2025-03-27
EVT-01217,TRP-012,ST-011,2024-25,2025-04-01 00:00,2025-04-03 00:00,EVS (CO2-baited),Successful,Valid,Officer C,,data_generator,2025-04-03
EVT-01218,TRP-012,ST-011,2024-25,2025-04-08 00:00,2025-04-10 00:00,EVS (CO2-baited),Missing,N/A,Officer C,,data_generator,2025-04-10
EVT-01219,TRP-012,ST-011,2024-25,2025-04-15 00:00,2025-04-17 00:00,EVS (CO2-baited),Successful,Valid,Officer F,,data_generator,2025-04-17
EVT-01220,TRP-012,ST-011,2024-25,2025-04-22 00:00,2025-04-24 00:00,EVS (CO2-baited),Successful,Valid,Officer C,,data_generator,2025-04-24
EVT-01221,TRP-012,ST-011,2024-25,2025-04-29 00:00,2025-05-01 00:00,EVS (CO2-baited),Successful,Valid,Officer D,,data_generator,2025-05-01
EVT-01222,TRP-012,ST-011,2024-25,2025-05-06 00:00,2025-05-08 00:00,EVS (CO2-baited),Successful,Valid,Officer A,,data_generator,2025-05-08
EVT-01223,TRP-012,ST-011,2024-25,2025-05-13 00:00,2025-05-15 00:00,EVS (CO2-baited),Successful,Valid,Officer B,,data_generator,2025-05-15
EVT-01224,TRP-012,ST-011,2024-25,2025-05-20 00:00,2025-05-22 00:00,EVS (CO2-baited),Successful,Valid,Officer A,,data_generator,2025-05-22
EVT-01225,TRP-013,ST-012,2024-25,2024-10-01 00:00,2024-10-03 00:00,CDC Light Trap,Successful,Valid,Officer F,,data_generator,2024-10-03
EVT-01226,TRP-013,ST-012,2024-25,2024-10-08 00:00,2024-10-10 00:00,CDC Light Trap,Successful,Valid,Officer F,,data_generator,2024-10-10
EVT-01227,TRP-013,ST-012,2024-25,2024-10-15 00:00,2024-10-17 00:00,CDC Light Trap,Successful,Valid,Officer B,,data_generator,2024-10-17
EVT-01228,TRP-013,ST-012,2024-25,2024-10-22 00:00,2024-10-24 00:00,CDC Light Trap,Successful,Valid,Officer A,,data_generator,2024-10-24
EVT-01229,TRP-013,ST-012,2024-25,2024-10-29 00:00,2024-10-31 00:00,CDC Light Trap,Failed - Equipment/Battery,Invalid,Officer E,,data_generator,2024-10-31
EVT-01230,TRP-013,ST-012,2024-25,2024-11-05 00:00,2024-11-07 00:00,CDC Light Trap,Successful,Valid,Officer B,,data_generator,2024-11-07
EVT-01231,TRP-013,ST-012,2024-25,2024-11-12 00:00,2024-11-14 00:00,CDC Light Trap,Successful,Valid,Officer A,,data_generator,2024-11-14
EVT-01232,TRP-013,ST-012,2024-25,2024-11-19 00:00,2024-11-21 00:00,CDC Light Trap,Successful,Valid,Officer E,,data_generator,2024-11-21
EVT-01233,TRP-013,ST-012,2024-25,2024-11-26 00:00,2024-11-28 00:00,CDC Light Trap,Successful,Valid,Officer D,,data_generator,2024-11-28
EVT-01234,TRP-013,ST-012,2024-25,2024-12-03 00:00,2024-12-05 00:00,CDC Light Trap,Successful,Valid,Officer E,,data_generator,2024-12-05
EVT-01235,TRP-013,ST-012,2024-25,2024-12-10 00:00,2024-12-12 00:00,CDC Light Trap,Successful,Valid,Officer D,,data_generator,2024-12-12
EVT-01236,TRP-013,ST-012,2024-25,2024-12-17 00:00,2024-12-19 00:00,CDC Light Trap,Successful,Valid,Officer D,,data_generator,2024-12-19
EVT-01237,TRP-013,ST-012,2024-25,2024-12-24 00:00,2024-12-26 00:00,CDC Light Trap,Successful,Valid,Officer F,,data_generator,2024-12-26
EVT-01238,TRP-013,ST-012,2024-25,2024-12-31 00:00,2025-01-02 00:00,CDC Light Trap,Failed - Equipment/Battery,Invalid,Officer D,,data_generator,2025-01-02
EVT-01239,TRP-013,ST-012,2024-25,2025-01-07 00:00,2025-01-09 00:00,CDC Light Trap,Successful,Valid,Officer F,,data_generator,2025-01-09
EVT-01240,TRP-013,ST-012,2024-25,2025-01-14 00:00,2025-01-16 00:00,CDC Light Trap,Successful,Valid,Officer D,,data_generator,2025-01-16
EVT-01241,TRP-013,ST-012,2024-25,2025-01-21 00:00,2025-01-23 00:00,CDC Light Trap,Successful,Valid,Officer C,,data_generator,2025-01-23
EVT-01242,TRP-013,ST-012,2024-25,2025-01-28 00:00,2025-01-30 00:00,CDC Light Trap,Successful,Valid,Officer C,,data_generator,2025-01-30
EVT-01243,TRP-013,ST-012,2024-25,2025-02-04 00:00,2025-02-06 00:00,CDC Light Trap,Successful,Valid,Officer D,,data_generator,2025-02-06
EVT-01244,TRP-013,ST-012,2024-25,2025-02-11 00:00,2025-02-13 00:00,CDC Light Trap,Successful,Valid,Officer A,,data_generator,2025-02-13
EVT-01245,TRP-013,ST-012,2024-25,2025-02-18 00:00,2025-02-20 00:00,CDC Light Trap,Successful,Valid,Officer A,,data_generator,2025-02-20
EVT-01246,TRP-013,ST-012,2024-25,2025-02-25 00:00,2025-02-27 00:00,CDC Light Trap,Successful,Valid,Officer A,,data_generator,2025-02-27
EVT-01247,TRP-013,ST-012,2024-25,2025-03-04 00:00,2025-03-06 00:00,CDC Light Trap,Successful,Valid,Officer A,,data_generator,2025-03-06
EVT-01248,TRP-013,ST-012,2024-25,2025-03-11 00:00,2025-03-13 00:00,CDC Light Trap,Successful,Valid,Officer B,,data_generator,2025-03-13
EVT-01249,TRP-013,ST-012,2024-25,2025-03-18 00:00,2025-03-20 00:00,CDC Light Trap,Successful,Valid,Officer E,,data_generator,2025-03-20
EVT-01250,TRP-013,ST-012,2024-25,2025-03-25 00:00,2025-03-27 00:00,CDC Light Trap,Successful,Valid,Officer C,,data_generator,2025-03-27
EVT-01251,TRP-013,ST-012,2024-25,2025-04-01 00:00,2025-04-03 00:00,CDC Light Trap,Failed - Equipment/Battery,Invalid,Officer B,,data_generator,2025-04-03
EVT-01252,TRP-013,ST-012,2024-25,2025-04-08 00:00,2025-04-10 00:00,CDC Light Trap,Successful,Valid,Officer E,,data_generator,2025-04-10
EVT-01253,TRP-013,ST-012,2024-25,2025-04-15 00:00,2025-04-17 00:00,CDC Light Trap,Successful,Valid,Officer D,,data_generator,2025-04-17
EVT-01254,TRP-013,ST-012,2024-25,2025-04-22 00:00,2025-04-24 00:00,CDC Light Trap,Successful,Valid,Officer C,,data_generator,2025-04-24
EVT-01255,TRP-013,ST-012,2024-25,2025-04-29 00:00,2025-05-01 00:00,CDC Light Trap,Successful,Valid,Officer B,,data_generator,2025-05-01
EVT-01256,TRP-013,ST-012,2024-25,2025-05-06 00:00,2025-05-08 00:00,CDC Light Trap,Successful,Valid,Officer D,,data_generator,2025-05-08
EVT-01257,TRP-013,ST-012,2024-25,2025-05-13 00:00,2025-05-15 00:00,CDC Light Trap,Partial,Valid,Officer D,,data_generator,2025-05-15
EVT-01258,TRP-013,ST-012,2024-25,2025-05-20 00:00,2025-05-22 00:00,CDC Light Trap,Missing,N/A,Officer E,,data_generator,2025-05-22
EVT-01259,TRP-014,ST-013,2024-25,2024-10-01 00:00,2024-10-03 00:00,Gravid Trap,Successful,Valid,Officer D,,data_generator,2024-10-03
EVT-01260,TRP-014,ST-013,2024-25,2024-10-08 00:00,2024-10-10 00:00,Gravid Trap,Successful,Valid,Officer D,,data_generator,2024-10-10
EVT-01261,TRP-014,ST-013,2024-25,2024-10-15 00:00,2024-10-17 00:00,Gravid Trap,Successful,Valid,Officer C,,data_generator,2024-10-17
EVT-01262,TRP-014,ST-013,2024-25,2024-10-22 00:00,2024-10-24 00:00,Gravid Trap,Successful,Valid,Officer C,,data_generator,2024-10-24
EVT-01263,TRP-014,ST-013,2024-25,2024-10-29 00:00,2024-10-31 00:00,Gravid Trap,Successful,Valid,Officer F,,data_generator,2024-10-31
EVT-01264,TRP-014,ST-013,2024-25,2024-11-05 00:00,2024-11-07 00:00,Gravid Trap,Successful,Valid,Officer A,,data_generator,2024-11-07
EVT-01265,TRP-014,ST-013,2024-25,2024-11-12 00:00,2024-11-14 00:00,Gravid Trap,Successful,Valid,Officer A,,data_generator,2024-11-14
EVT-01266,TRP-014,ST-013,2024-25,2024-11-19 00:00,2024-11-21 00:00,Gravid Trap,Missing,N/A,Officer A,,data_generator,2024-11-21
EVT-01267,TRP-014,ST-013,2024-25,2024-11-26 00:00,2024-11-28 00:00,Gravid Trap,Successful,Valid,Officer E,,data_generator,2024-11-28
EVT-01268,TRP-014,ST-013,2024-25,2024-12-03 00:00,2024-12-05 00:00,Gravid Trap,Successful,Valid,Officer C,,data_generator,2024-12-05
EVT-01269,TRP-014,ST-013,2024-25,2024-12-10 00:00,2024-12-12 00:00,Gravid Trap,Successful,Valid,Officer E,,data_generator,2024-12-12
EVT-01270,TRP-014,ST-013,2024-25,2024-12-17 00:00,2024-12-19 00:00,Gravid Trap,Successful,Valid,Officer C,,data_generator,2024-12-19
EVT-01271,TRP-014,ST-013,2024-25,2024-12-24 00:00,2024-12-26 00:00,Gravid Trap,Successful,Valid,Officer A,,data_generator,2024-12-26
EVT-01272,TRP-014,ST-013,2024-25,2024-12-31 00:00,2025-01-02 00:00,Gravid Trap,Successful,Valid,Officer F,,data_generator,2025-01-02
EVT-01273,TRP-014,ST-013,2024-25,2025-01-07 00:00,2025-01-09 00:00,Gravid Trap,Successful,Valid,Officer A,,data_generator,2025-01-09
EVT-01274,TRP-014,ST-013,2024-25,2025-01-14 00:00,2025-01-16 00:00,Gravid Trap,Successful,Valid,Officer A,,data_generator,2025-01-16
EVT-01275,TRP-014,ST-013,2024-25,2025-01-21 00:00,2025-01-23 00:00,Gravid Trap,Partial,Valid,Officer B,,data_generator,2025-01-23
EVT-01276,TRP-014,ST-013,2024-25,2025-01-28 00:00,2025-01-30 00:00,Gravid Trap,Successful,Valid,Officer F,,data_generator,2025-01-30
EVT-01277,TRP-014,ST-013,2024-25,2025-02-04 00:00,2025-02-06 00:00,Gravid Trap,Successful,Valid,Officer A,,data_generator,2025-02-06
EVT-01278,TRP-014,ST-013,2024-25,2025-02-11 00:00,2025-02-13 00:00,Gravid Trap,Successful,Valid,Officer D,,data_generator,2025-02-13
EVT-01279,TRP-014,ST-013,2024-25,2025-02-18 00:00,2025-02-20 00:00,Gravid Trap,Successful,Valid,Officer D,,data_generator,2025-02-20
EVT-01280,TRP-014,ST-013,2024-25,2025-02-25 00:00,2025-02-27 00:00,Gravid Trap,Successful,Valid,Officer C,,data_generator,2025-02-27
EVT-01281,TRP-014,ST-013,2024-25,2025-03-04 00:00,2025-03-06 00:00,Gravid Trap,Successful,Valid,Officer C,,data_generator,2025-03-06
EVT-01282,TRP-014,ST-013,2024-25,2025-03-11 00:00,2025-03-13 00:00,Gravid Trap,Successful,Valid,Officer C,,data_generator,2025-03-13
EVT-01283,TRP-014,ST-013,2024-25,2025-03-18 00:00,2025-03-20 00:00,Gravid Trap,Successful,Valid,Officer F,,data_generator,2025-03-20
EVT-01284,TRP-014,ST-013,2024-25,2025-03-25 00:00,2025-03-27 00:00,Gravid Trap,Successful,Valid,Officer C,,data_generator,2025-03-27
EVT-01285,TRP-014,ST-013,2024-25,2025-04-01 00:00,2025-04-03 00:00,Gravid Trap,Missing,N/A,Officer A,,data_generator,2025-04-03
EVT-01286,TRP-014,ST-013,2024-25,2025-04-08 00:00,2025-04-10 00:00,Gravid Trap,Successful,Valid,Officer B,,data_generator,2025-04-10
EVT-01287,TRP-014,ST-013,2024-25,2025-04-15 00:00,2025-04-17 00:00,Gravid Trap,Successful,Valid,Officer E,,data_generator,2025-04-17
EVT-01288,TRP-014,ST-013,2024-25,2025-04-22 00:00,2025-04-24 00:00,Gravid Trap,Missing,N/A,Officer E,,data_generator,2025-04-24
EVT-01289,TRP-014,ST-013,2024-25,2025-04-29 00:00,2025-05-01 00:00,Gravid Trap,Successful,Valid,Officer D,,data_generator,2025-05-01
EVT-01290,TRP-014,ST-013,2024-25,2025-05-06 00:00,2025-05-08 00:00,Gravid Trap,Failed - Equipment/Battery,Invalid,Officer A,,data_generator,2025-05-08
EVT-01291,TRP-014,ST-013,2024-25,2025-05-13 00:00,2025-05-15 00:00,Gravid Trap,Missing,N/A,Officer E,,data_generator,2025-05-15
EVT-01292,TRP-014,ST-013,2024-25,2025-05-20 00:00,2025-05-22 00:00,Gravid Trap,Successful,Valid,Officer D,,data_generator,2025-05-22
EVT-01293,TRP-015,ST-014,2024-25,2024-10-01 00:00,2024-10-03 00:00,CDC Light Trap,Successful,Valid,Officer F,,data_generator,2024-10-03
EVT-01294,TRP-015,ST-014,2024-25,2024-10-08 00:00,2024-10-10 00:00,CDC Light Trap,Successful,Valid,Officer F,,data_generator,2024-10-10
EVT-01295,TRP-015,ST-014,2024-25,2024-10-15 00:00,2024-10-17 00:00,CDC Light Trap,Successful,Valid,Officer C,,data_generator,2024-10-17
EVT-01296,TRP-015,ST-014,2024-25,2024-10-22 00:00,2024-10-24 00:00,CDC Light Trap,Successful,Valid,Officer C,,data_generator,2024-10-24
EVT-01297,TRP-015,ST-014,2024-25,2024-10-29 00:00,2024-10-31 00:00,CDC Light Trap,Successful,Valid,Officer E,,data_generator,2024-10-31
EVT-01298,TRP-015,ST-014,2024-25,2024-11-05 00:00,2024-11-07 00:00,CDC Light Trap,Successful,Valid,Officer D,,data_generator,2024-11-07
EVT-01299,TRP-015,ST-014,2024-25,2024-11-12 00:00,2024-11-14 00:00,CDC Light Trap,Successful,Valid,Officer F,,data_generator,2024-11-14
EVT-01300,TRP-015,ST-014,2024-25,2024-11-19 00:00,2024-11-21 00:00,CDC Light Trap,Successful,Valid,Officer C,,data_generator,2024-11-21
EVT-01301,TRP-015,ST-014,2024-25,2024-11-26 00:00,2024-11-28 00:00,CDC Light Trap,Successful,Valid,Officer F,,data_generator,2024-11-28
EVT-01302,TRP-015,ST-014,2024-25,2024-12-03 00:00,2024-12-05 00:00,CDC Light Trap,Successful,Valid,Officer B,,data_generator,2024-12-05
EVT-01303,TRP-015,ST-014,2024-25,2024-12-10 00:00,2024-12-12 00:00,CDC Light Trap,Successful,Valid,Officer B,,data_generator,2024-12-12
EVT-01304,TRP-015,ST-014,2024-25,2024-12-17 00:00,2024-12-19 00:00,CDC Light Trap,Successful,Valid,Officer E,,data_generator,2024-12-19
EVT-01305,TRP-015,ST-014,2024-25,2024-12-24 00:00,2024-12-26 00:00,CDC Light Trap,Successful,Valid,Officer D,,data_generator,2024-12-26
EVT-01306,TRP-015,ST-014,2024-25,2024-12-31 00:00,2025-01-02 00:00,CDC Light Trap,Successful,Valid,Officer D,,data_generator,2025-01-02
EVT-01307,TRP-015,ST-014,2024-25,2025-01-07 00:00,2025-01-09 00:00,CDC Light Trap,Missing,N/A,Officer F,,data_generator,2025-01-09
EVT-01308,TRP-015,ST-014,2024-25,2025-01-14 00:00,2025-01-16 00:00,CDC Light Trap,Successful,Valid,Officer C,,data_generator,2025-01-16
EVT-01309,TRP-015,ST-014,2024-25,2025-01-21 00:00,2025-01-23 00:00,CDC Light Trap,Successful,Valid,Officer F,,data_generator,2025-01-23
EVT-01310,TRP-015,ST-014,2024-25,2025-01-28 00:00,2025-01-30 00:00,CDC Light Trap,Missing,N/A,Officer C,,data_generator,2025-01-30
EVT-01311,TRP-015,ST-014,2024-25,2025-02-04 00:00,2025-02-06 00:00,CDC Light Trap,Successful,Valid,Officer B,,data_generator,2025-02-06
EVT-01312,TRP-015,ST-014,2024-25,2025-02-11 00:00,2025-02-13 00:00,CDC Light Trap,Successful,Valid,Officer A,,data_generator,2025-02-13
EVT-01313,TRP-015,ST-014,2024-25,2025-02-18 00:00,2025-02-20 00:00,CDC Light Trap,Successful,Valid,Officer E,,data_generator,2025-02-20
EVT-01314,TRP-015,ST-014,2024-25,2025-02-25 00:00,2025-02-27 00:00,CDC Light Trap,Successful,Valid,Officer D,,data_generator,2025-02-27
EVT-01315,TRP-015,ST-014,2024-25,2025-03-04 00:00,2025-03-06 00:00,CDC Light Trap,Successful,Valid,Officer F,,data_generator,2025-03-06
EVT-01316,TRP-015,ST-014,2024-25,2025-03-11 00:00,2025-03-13 00:00,CDC Light Trap,Successful,Valid,Officer E,,data_generator,2025-03-13
EVT-01317,TRP-015,ST-014,2024-25,2025-03-18 00:00,2025-03-20 00:00,CDC Light Trap,Successful,Valid,Officer A,,data_generator,2025-03-20
EVT-01318,TRP-015,ST-014,2024-25,2025-03-25 00:00,2025-03-27 00:00,CDC Light Trap,Successful,Valid,Officer C,,data_generator,2025-03-27
EVT-01319,TRP-015,ST-014,2024-25,2025-04-01 00:00,2025-04-03 00:00,CDC Light Trap,Successful,Valid,Officer B,,data_generator,2025-04-03
EVT-01320,TRP-015,ST-014,2024-25,2025-04-08 00:00,2025-04-10 00:00,CDC Light Trap,Partial,Valid,Officer B,,data_generator,2025-04-10
EVT-01321,TRP-015,ST-014,2024-25,2025-04-15 00:00,2025-04-17 00:00,CDC Light Trap,Successful,Valid,Officer F,,data_generator,2025-04-17
EVT-01322,TRP-015,ST-014,2024-25,2025-04-22 00:00,2025-04-24 00:00,CDC Light Trap,Successful,Valid,Officer C,,data_generator,2025-04-24
EVT-01323,TRP-015,ST-014,2024-25,2025-04-29 00:00,2025-05-01 00:00,CDC Light Trap,Successful,Valid,Officer F,,data_generator,2025-05-01
EVT-01324,TRP-015,ST-014,2024-25,2025-05-06 00:00,2025-05-08 00:00,CDC Light Trap,Successful,Valid,Officer A,,data_generator,2025-05-08
EVT-01325,TRP-015,ST-014,2024-25,2025-05-13 00:00,2025-05-15 00:00,CDC Light Trap,Successful,Valid,Officer E,,data_generator,2025-05-15
EVT-01326,TRP-015,ST-014,2024-25,2025-05-20 00:00,2025-05-22 00:00,CDC Light Trap,Missing,N/A,Officer B,,data_generator,2025-05-22
EVT-01327,TRP-016,ST-014,2024-25,2024-10-01 00:00,2024-10-03 00:00,EVS (CO2-baited),Successful,Valid,Officer B,,data_generator,2024-10-03
EVT-01328,TRP-016,ST-014,2024-25,2024-10-08 00:00,2024-10-10 00:00,EVS (CO2-baited),Successful,Valid,Officer D,,data_generator,2024-10-10
EVT-01329,TRP-016,ST-014,2024-25,2024-10-15 00:00,2024-10-17 00:00,EVS (CO2-baited),Successful,Valid,Officer F,,data_generator,2024-10-17
EVT-01330,TRP-016,ST-014,2024-25,2024-10-22 00:00,2024-10-24 00:00,EVS (CO2-baited),Failed - Equipment/Battery,Invalid,Officer C,,data_generator,2024-10-24
EVT-01331,TRP-016,ST-014,2024-25,2024-10-29 00:00,2024-10-31 00:00,EVS (CO2-baited),Successful,Valid,Officer F,,data_generator,2024-10-31
EVT-01332,TRP-016,ST-014,2024-25,2024-11-05 00:00,2024-11-07 00:00,EVS (CO2-baited),Missing,N/A,Officer B,,data_generator,2024-11-07
EVT-01333,TRP-016,ST-014,2024-25,2024-11-12 00:00,2024-11-14 00:00,EVS (CO2-baited),Successful,Valid,Officer F,,data_generator,2024-11-14
EVT-01334,TRP-016,ST-014,2024-25,2024-11-19 00:00,2024-11-21 00:00,EVS (CO2-baited),Successful,Valid,Officer F,,data_generator,2024-11-21
EVT-01335,TRP-016,ST-014,2024-25,2024-11-26 00:00,2024-11-28 00:00,EVS (CO2-baited),Successful,Valid,Officer F,,data_generator,2024-11-28
EVT-01336,TRP-016,ST-014,2024-25,2024-12-03 00:00,2024-12-05 00:00,EVS (CO2-baited),Failed - Equipment/Battery,Invalid,Officer B,,data_generator,2024-12-05
EVT-01337,TRP-016,ST-014,2024-25,2024-12-10 00:00,2024-12-12 00:00,EVS (CO2-baited),Successful,Valid,Officer A,,data_generator,2024-12-12
EVT-01338,TRP-016,ST-014,2024-25,2024-12-17 00:00,2024-12-19 00:00,EVS (CO2-baited),Missing,N/A,Officer C,,data_generator,2024-12-19
EVT-01339,TRP-016,ST-014,2024-25,2024-12-24 00:00,2024-12-26 00:00,EVS (CO2-baited),Successful,Valid,Officer B,,data_generator,2024-12-26
EVT-01340,TRP-016,ST-014,2024-25,2024-12-31 00:00,2025-01-02 00:00,EVS (CO2-baited),Successful,Valid,Officer A,,data_generator,2025-01-02
EVT-01341,TRP-016,ST-014,2024-25,2025-01-07 00:00,2025-01-09 00:00,EVS (CO2-baited),Successful,Valid,Officer A,,data_generator,2025-01-09
EVT-01342,TRP-016,ST-014,2024-25,2025-01-14 00:00,2025-01-16 00:00,EVS (CO2-baited),Successful,Valid,Officer F,,data_generator,2025-01-16
EVT-01343,TRP-016,ST-014,2024-25,2025-01-21 00:00,2025-01-23 00:00,EVS (CO2-baited),Successful,Valid,Officer B,,data_generator,2025-01-23
EVT-01344,TRP-016,ST-014,2024-25,2025-01-28 00:00,2025-01-30 00:00,EVS (CO2-baited),Successful,Valid,Officer E,,data_generator,2025-01-30
EVT-01345,TRP-016,ST-014,2024-25,2025-02-04 00:00,2025-02-06 00:00,EVS (CO2-baited),Successful,Valid,Officer B,,data_generator,2025-02-06
EVT-01346,TRP-016,ST-014,2024-25,2025-02-11 00:00,2025-02-13 00:00,EVS (CO2-baited),Successful,Valid,Officer F,,data_generator,2025-02-13
EVT-01347,TRP-016,ST-014,2024-25,2025-02-18 00:00,2025-02-20 00:00,EVS (CO2-baited),Successful,Valid,Officer D,,data_generator,2025-02-20
EVT-01348,TRP-016,ST-014,2024-25,2025-02-25 00:00,2025-02-27 00:00,EVS (CO2-baited),Successful,Valid,Officer E,,data_generator,2025-02-27
EVT-01349,TRP-016,ST-014,2024-25,2025-03-04 00:00,2025-03-06 00:00,EVS (CO2-baited),Successful,Valid,Officer E,,data_generator,2025-03-06
EVT-01350,TRP-016,ST-014,2024-25,2025-03-11 00:00,2025-03-13 00:00,EVS (CO2-baited),Successful,Valid,Officer D,,data_generator,2025-03-13
EVT-01351,TRP-016,ST-014,2024-25,2025-03-18 00:00,2025-03-20 00:00,EVS (CO2-baited),Successful,Valid,Officer A,,data_generator,2025-03-20
EVT-01352,TRP-016,ST-014,2024-25,2025-03-25 00:00,2025-03-27 00:00,EVS (CO2-baited),Successful,Valid,Officer C,,data_generator,2025-03-27
EVT-01353,TRP-016,ST-014,2024-25,2025-04-01 00:00,2025-04-03 00:00,EVS (CO2-baited),Missing,N/A,Officer C,,data_generator,2025-04-03
EVT-01354,TRP-016,ST-014,2024-25,2025-04-08 00:00,2025-04-10 00:00,EVS (CO2-baited),Successful,Valid,Officer E,,data_generator,2025-04-10
EVT-01355,TRP-016,ST-014,2024-25,2025-04-15 00:00,2025-04-17 00:00,EVS (CO2-baited),Successful,Valid,Officer A,,data_generator,2025-04-17
EVT-01356,TRP-016,ST-014,2024-25,2025-04-22 00:00,2025-04-24 00:00,EVS (CO2-baited),Successful,Valid,Officer C,,data_generator,2025-04-24
EVT-01357,TRP-016,ST-014,2024-25,2025-04-29 00:00,2025-05-01 00:00,EVS (CO2-baited),Successful,Valid,Officer B,,data_generator,2025-05-01
EVT-01358,TRP-016,ST-014,2024-25,2025-05-06 00:00,2025-05-08 00:00,EVS (CO2-baited),Successful,Valid,Officer E,,data_generator,2025-05-08
EVT-01359,TRP-016,ST-014,2024-25,2025-05-13 00:00,2025-05-15 00:00,EVS (CO2-baited),Successful,Valid,Officer C,,data_generator,2025-05-15
EVT-01360,TRP-016,ST-014,2024-25,2025-05-20 00:00,2025-05-22 00:00,EVS (CO2-baited),Successful,Valid,Officer A,,data_generator,2025-05-22
EVT-01361,TRP-017,ST-015,2024-25,2024-10-01 00:00,2024-10-03 00:00,CDC Light Trap,Successful,Valid,Officer F,,data_generator,2024-10-03
EVT-01362,TRP-017,ST-015,2024-25,2024-10-08 00:00,2024-10-10 00:00,CDC Light Trap,Failed - Equipment/Battery,Invalid,Officer E,,data_generator,2024-10-10
EVT-01363,TRP-017,ST-015,2024-25,2024-10-15 00:00,2024-10-17 00:00,CDC Light Trap,Successful,Valid,Officer B,,data_generator,2024-10-17
EVT-01364,TRP-017,ST-015,2024-25,2024-10-22 00:00,2024-10-24 00:00,CDC Light Trap,Successful,Valid,Officer A,,data_generator,2024-10-24
EVT-01365,TRP-017,ST-015,2024-25,2024-10-29 00:00,2024-10-31 00:00,CDC Light Trap,Successful,Valid,Officer F,,data_generator,2024-10-31
EVT-01366,TRP-017,ST-015,2024-25,2024-11-05 00:00,2024-11-07 00:00,CDC Light Trap,Successful,Valid,Officer C,,data_generator,2024-11-07
EVT-01367,TRP-017,ST-015,2024-25,2024-11-12 00:00,2024-11-14 00:00,CDC Light Trap,Successful,Valid,Officer D,,data_generator,2024-11-14
EVT-01368,TRP-017,ST-015,2024-25,2024-11-19 00:00,2024-11-21 00:00,CDC Light Trap,Successful,Valid,Officer C,,data_generator,2024-11-21
EVT-01369,TRP-017,ST-015,2024-25,2024-11-26 00:00,2024-11-28 00:00,CDC Light Trap,Successful,Valid,Officer B,,data_generator,2024-11-28
EVT-01370,TRP-017,ST-015,2024-25,2024-12-03 00:00,2024-12-05 00:00,CDC Light Trap,Successful,Valid,Officer D,,data_generator,2024-12-05
EVT-01371,TRP-017,ST-015,2024-25,2024-12-10 00:00,2024-12-12 00:00,CDC Light Trap,Successful,Valid,Officer A,,data_generator,2024-12-12
EVT-01372,TRP-017,ST-015,2024-25,2024-12-17 00:00,2024-12-19 00:00,CDC Light Trap,Missing,N/A,Officer F,,data_generator,2024-12-19
EVT-01373,TRP-017,ST-015,2024-25,2024-12-24 00:00,2024-12-26 00:00,CDC Light Trap,Successful,Valid,Officer E,,data_generator,2024-12-26
EVT-01374,TRP-017,ST-015,2024-25,2024-12-31 00:00,2025-01-02 00:00,CDC Light Trap,Failed - Equipment/Battery,Invalid,Officer A,,data_generator,2025-01-02
EVT-01375,TRP-017,ST-015,2024-25,2025-01-07 00:00,2025-01-09 00:00,CDC Light Trap,Successful,Valid,Officer E,,data_generator,2025-01-09
EVT-01376,TRP-017,ST-015,2024-25,2025-01-14 00:00,2025-01-16 00:00,CDC Light Trap,Successful,Valid,Officer D,,data_generator,2025-01-16
EVT-01377,TRP-017,ST-015,2024-25,2025-01-21 00:00,2025-01-23 00:00,CDC Light Trap,Successful,Valid,Officer D,,data_generator,2025-01-23
EVT-01378,TRP-017,ST-015,2024-25,2025-01-28 00:00,2025-01-30 00:00,CDC Light Trap,Successful,Valid,Officer C,,data_generator,2025-01-30
EVT-01379,TRP-017,ST-015,2024-25,2025-02-04 00:00,2025-02-06 00:00,CDC Light Trap,Successful,Valid,Officer B,,data_generator,2025-02-06
EVT-01380,TRP-017,ST-015,2024-25,2025-02-11 00:00,2025-02-13 00:00,CDC Light Trap,Successful,Valid,Officer E,,data_generator,2025-02-13
EVT-01381,TRP-017,ST-015,2024-25,2025-02-18 00:00,2025-02-20 00:00,CDC Light Trap,Successful,Valid,Officer B,,data_generator,2025-02-20
EVT-01382,TRP-017,ST-015,2024-25,2025-02-25 00:00,2025-02-27 00:00,CDC Light Trap,Successful,Valid,Officer D,,data_generator,2025-02-27
EVT-01383,TRP-017,ST-015,2024-25,2025-03-04 00:00,2025-03-06 00:00,CDC Light Trap,Successful,Valid,Officer E,,data_generator,2025-03-06
EVT-01384,TRP-017,ST-015,2024-25,2025-03-11 00:00,2025-03-13 00:00,CDC Light Trap,Successful,Valid,Officer D,,data_generator,2025-03-13
EVT-01385,TRP-017,ST-015,2024-25,2025-03-18 00:00,2025-03-20 00:00,CDC Light Trap,Successful,Valid,Officer D,,data_generator,2025-03-20
EVT-01386,TRP-017,ST-015,2024-25,2025-03-25 00:00,2025-03-27 00:00,CDC Light Trap,Missing,N/A,Officer D,,data_generator,2025-03-27
EVT-01387,TRP-017,ST-015,2024-25,2025-04-01 00:00,2025-04-03 00:00,CDC Light Trap,Successful,Valid,Officer C,,data_generator,2025-04-03
EVT-01388,TRP-017,ST-015,2024-25,2025-04-08 00:00,2025-04-10 00:00,CDC Light Trap,Successful,Valid,Officer D,,data_generator,2025-04-10
EVT-01389,TRP-017,ST-015,2024-25,2025-04-15 00:00,2025-04-17 00:00,CDC Light Trap,Successful,Valid,Officer A,,data_generator,2025-04-17
EVT-01390,TRP-017,ST-015,2024-25,2025-04-22 00:00,2025-04-24 00:00,CDC Light Trap,Successful,Valid,Officer E,,data_generator,2025-04-24
EVT-01391,TRP-017,ST-015,2024-25,2025-04-29 00:00,2025-05-01 00:00,CDC Light Trap,Successful,Valid,Officer F,,data_generator,2025-05-01
EVT-01392,TRP-017,ST-015,2024-25,2025-05-06 00:00,2025-05-08 00:00,CDC Light Trap,Successful,Valid,Officer B,,data_generator,2025-05-08
EVT-01393,TRP-017,ST-015,2024-25,2025-05-13 00:00,2025-05-15 00:00,CDC Light Trap,Successful,Valid,Officer C,,data_generator,2025-05-15
EVT-01394,TRP-017,ST-015,2024-25,2025-05-20 00:00,2025-05-22 00:00,CDC Light Trap,Successful,Valid,Officer A,,data_generator,2025-05-22
EVT-01395,TRP-018,ST-016,2024-25,2024-10-01 00:00,2024-10-03 00:00,CDC Light Trap,Successful,Valid,Officer E,,data_generator,2024-10-03
EVT-01396,TRP-018,ST-016,2024-25,2024-10-08 00:00,2024-10-10 00:00,CDC Light Trap,Successful,Valid,Officer B,,data_generator,2024-10-10
EVT-01397,TRP-018,ST-016,2024-25,2024-10-15 00:00,2024-10-17 00:00,CDC Light Trap,Successful,Valid,Officer C,,data_generator,2024-10-17
EVT-01398,TRP-018,ST-016,2024-25,2024-10-22 00:00,2024-10-24 00:00,CDC Light Trap,Missing,N/A,Officer D,,data_generator,2024-10-24
EVT-01399,TRP-018,ST-016,2024-25,2024-10-29 00:00,2024-10-31 00:00,CDC Light Trap,Successful,Valid,Officer B,,data_generator,2024-10-31
EVT-01400,TRP-018,ST-016,2024-25,2024-11-05 00:00,2024-11-07 00:00,CDC Light Trap,Successful,Valid,Officer F,,data_generator,2024-11-07
EVT-01401,TRP-018,ST-016,2024-25,2024-11-12 00:00,2024-11-14 00:00,CDC Light Trap,Successful,Valid,Officer A,,data_generator,2024-11-14
EVT-01402,TRP-018,ST-016,2024-25,2024-11-19 00:00,2024-11-21 00:00,CDC Light Trap,Successful,Valid,Officer D,,data_generator,2024-11-21
EVT-01403,TRP-018,ST-016,2024-25,2024-11-26 00:00,2024-11-28 00:00,CDC Light Trap,Successful,Valid,Officer F,,data_generator,2024-11-28
EVT-01404,TRP-018,ST-016,2024-25,2024-12-03 00:00,2024-12-05 00:00,CDC Light Trap,Successful,Valid,Officer D,,data_generator,2024-12-05
EVT-01405,TRP-018,ST-016,2024-25,2024-12-10 00:00,2024-12-12 00:00,CDC Light Trap,Successful,Valid,Officer F,,data_generator,2024-12-12
EVT-01406,TRP-018,ST-016,2024-25,2024-12-17 00:00,2024-12-19 00:00,CDC Light Trap,Successful,Valid,Officer C,,data_generator,2024-12-19
EVT-01407,TRP-018,ST-016,2024-25,2024-12-24 00:00,2024-12-26 00:00,CDC Light Trap,Successful,Valid,Officer C,,data_generator,2024-12-26
EVT-01408,TRP-018,ST-016,2024-25,2024-12-31 00:00,2025-01-02 00:00,CDC Light Trap,Successful,Valid,Officer D,,data_generator,2025-01-02
EVT-01409,TRP-018,ST-016,2024-25,2025-01-07 00:00,2025-01-09 00:00,CDC Light Trap,Successful,Valid,Officer A,,data_generator,2025-01-09
EVT-01410,TRP-018,ST-016,2024-25,2025-01-14 00:00,2025-01-16 00:00,CDC Light Trap,Successful,Valid,Officer D,,data_generator,2025-01-16
EVT-01411,TRP-018,ST-016,2024-25,2025-01-21 00:00,2025-01-23 00:00,CDC Light Trap,Successful,Valid,Officer E,,data_generator,2025-01-23
EVT-01412,TRP-018,ST-016,2024-25,2025-01-28 00:00,2025-01-30 00:00,CDC Light Trap,Successful,Valid,Officer F,,data_generator,2025-01-30
EVT-01413,TRP-018,ST-016,2024-25,2025-02-04 00:00,2025-02-06 00:00,CDC Light Trap,Successful,Valid,Officer C,,data_generator,2025-02-06
EVT-01414,TRP-018,ST-016,2024-25,2025-02-11 00:00,2025-02-13 00:00,CDC Light Trap,Successful,Valid,Officer D,,data_generator,2025-02-13
EVT-01415,TRP-018,ST-016,2024-25,2025-02-18 00:00,2025-02-20 00:00,CDC Light Trap,Successful,Valid,Officer C,,data_generator,2025-02-20
EVT-01416,TRP-018,ST-016,2024-25,2025-02-25 00:00,2025-02-27 00:00,CDC Light Trap,Successful,Valid,Officer C,,data_generator,2025-02-27
EVT-01417,TRP-018,ST-016,2024-25,2025-03-04 00:00,2025-03-06 00:00,CDC Light Trap,Successful,Valid,Officer A,,data_generator,2025-03-06
EVT-01418,TRP-018,ST-016,2024-25,2025-03-11 00:00,2025-03-13 00:00,CDC Light Trap,Successful,Valid,Officer F,,data_generator,2025-03-13
EVT-01419,TRP-018,ST-016,2024-25,2025-03-18 00:00,2025-03-20 00:00,CDC Light Trap,Successful,Valid,Officer A,,data_generator,2025-03-20
EVT-01420,TRP-018,ST-016,2024-25,2025-03-25 00:00,2025-03-27 00:00,CDC Light Trap,Missing,N/A,Officer B,,data_generator,2025-03-27
EVT-01421,TRP-018,ST-016,2024-25,2025-04-01 00:00,2025-04-03 00:00,CDC Light Trap,Failed - Equipment/Battery,Invalid,Officer E,,data_generator,2025-04-03
EVT-01422,TRP-018,ST-016,2024-25,2025-04-08 00:00,2025-04-10 00:00,CDC Light Trap,Successful,Valid,Officer F,,data_generator,2025-04-10
EVT-01423,TRP-018,ST-016,2024-25,2025-04-15 00:00,2025-04-17 00:00,CDC Light Trap,Successful,Valid,Officer A,,data_generator,2025-04-17
EVT-01424,TRP-018,ST-016,2024-25,2025-04-22 00:00,2025-04-24 00:00,CDC Light Trap,Successful,Valid,Officer B,,data_generator,2025-04-24
EVT-01425,TRP-018,ST-016,2024-25,2025-04-29 00:00,2025-05-01 00:00,CDC Light Trap,Partial,Valid,Officer A,,data_generator,2025-05-01
EVT-01426,TRP-018,ST-016,2024-25,2025-05-06 00:00,2025-05-08 00:00,CDC Light Trap,Successful,Valid,Officer C,,data_generator,2025-05-08
EVT-01427,TRP-018,ST-016,2024-25,2025-05-13 00:00,2025-05-15 00:00,CDC Light Trap,Successful,Valid,Officer C,,data_generator,2025-05-15
EVT-01428,TRP-018,ST-016,2024-25,2025-05-20 00:00,2025-05-22 00:00,CDC Light Trap,Successful,Valid,Officer C,,data_generator,2025-05-22
EVT-01429,TRP-019,ST-017,2024-25,2024-10-01 00:00,2024-10-03 00:00,CDC Light Trap,Successful,Valid,Officer E,,data_generator,2024-10-03
EVT-01430,TRP-019,ST-017,2024-25,2024-10-08 00:00,2024-10-10 00:00,CDC Light Trap,Successful,Valid,Officer C,,data_generator,2024-10-10
EVT-01431,TRP-019,ST-017,2024-25,2024-10-15 00:00,2024-10-17 00:00,CDC Light Trap,Successful,Valid,Officer A,,data_generator,2024-10-17
EVT-01432,TRP-019,ST-017,2024-25,2024-10-22 00:00,2024-10-24 00:00,CDC Light Trap,Partial,Valid,Officer F,,data_generator,2024-10-24
EVT-01433,TRP-019,ST-017,2024-25,2024-10-29 00:00,2024-10-31 00:00,CDC Light Trap,Successful,Valid,Officer E,,data_generator,2024-10-31
EVT-01434,TRP-019,ST-017,2024-25,2024-11-05 00:00,2024-11-07 00:00,CDC Light Trap,Successful,Valid,Officer B,,data_generator,2024-11-07
EVT-01435,TRP-019,ST-017,2024-25,2024-11-12 00:00,2024-11-14 00:00,CDC Light Trap,Successful,Valid,Officer D,,data_generator,2024-11-14
EVT-01436,TRP-019,ST-017,2024-25,2024-11-19 00:00,2024-11-21 00:00,CDC Light Trap,Successful,Valid,Officer B,,data_generator,2024-11-21
EVT-01437,TRP-019,ST-017,2024-25,2024-11-26 00:00,2024-11-28 00:00,CDC Light Trap,Successful,Valid,Officer A,,data_generator,2024-11-28
EVT-01438,TRP-019,ST-017,2024-25,2024-12-03 00:00,2024-12-05 00:00,CDC Light Trap,Partial,Valid,Officer C,,data_generator,2024-12-05
EVT-01439,TRP-019,ST-017,2024-25,2024-12-10 00:00,2024-12-12 00:00,CDC Light Trap,Partial,Valid,Officer B,,data_generator,2024-12-12
EVT-01440,TRP-019,ST-017,2024-25,2024-12-17 00:00,2024-12-19 00:00,CDC Light Trap,Successful,Valid,Officer C,,data_generator,2024-12-19
EVT-01441,TRP-019,ST-017,2024-25,2024-12-24 00:00,2024-12-26 00:00,CDC Light Trap,Successful,Valid,Officer D,,data_generator,2024-12-26
EVT-01442,TRP-019,ST-017,2024-25,2024-12-31 00:00,2025-01-02 00:00,CDC Light Trap,Successful,Valid,Officer F,,data_generator,2025-01-02
EVT-01443,TRP-019,ST-017,2024-25,2025-01-07 00:00,2025-01-09 00:00,CDC Light Trap,Successful,Valid,Officer D,,data_generator,2025-01-09
EVT-01444,TRP-019,ST-017,2024-25,2025-01-14 00:00,2025-01-16 00:00,CDC Light Trap,Partial,Valid,Officer D,,data_generator,2025-01-16
EVT-01445,TRP-019,ST-017,2024-25,2025-01-21 00:00,2025-01-23 00:00,CDC Light Trap,Successful,Valid,Officer F,,data_generator,2025-01-23
EVT-01446,TRP-019,ST-017,2024-25,2025-01-28 00:00,2025-01-30 00:00,CDC Light Trap,Successful,Valid,Officer B,,data_generator,2025-01-30
EVT-01447,TRP-019,ST-017,2024-25,2025-02-04 00:00,2025-02-06 00:00,CDC Light Trap,Successful,Valid,Officer D,,data_generator,2025-02-06
EVT-01448,TRP-019,ST-017,2024-25,2025-02-11 00:00,2025-02-13 00:00,CDC Light Trap,Successful,Valid,Officer A,,data_generator,2025-02-13
EVT-01449,TRP-019,ST-017,2024-25,2025-02-18 00:00,2025-02-20 00:00,CDC Light Trap,Successful,Valid,Officer A,,data_generator,2025-02-20
EVT-01450,TRP-019,ST-017,2024-25,2025-02-25 00:00,2025-02-27 00:00,CDC Light Trap,Successful,Valid,Officer F,,data_generator,2025-02-27
EVT-01451,TRP-019,ST-017,2024-25,2025-03-04 00:00,2025-03-06 00:00,CDC Light Trap,Successful,Valid,Officer D,,data_generator,2025-03-06
EVT-01452,TRP-019,ST-017,2024-25,2025-03-11 00:00,2025-03-13 00:00,CDC Light Trap,Successful,Valid,Officer C,,data_generator,2025-03-13
EVT-01453,TRP-019,ST-017,2024-25,2025-03-18 00:00,2025-03-20 00:00,CDC Light Trap,Successful,Valid,Officer A,,data_generator,2025-03-20
EVT-01454,TRP-019,ST-017,2024-25,2025-03-25 00:00,2025-03-27 00:00,CDC Light Trap,Successful,Valid,Officer B,,data_generator,2025-03-27
EVT-01455,TRP-019,ST-017,2024-25,2025-04-01 00:00,2025-04-03 00:00,CDC Light Trap,Successful,Valid,Officer A,,data_generator,2025-04-03
EVT-01456,TRP-019,ST-017,2024-25,2025-04-08 00:00,2025-04-10 00:00,CDC Light Trap,Successful,Valid,Officer C,,data_generator,2025-04-10
EVT-01457,TRP-019,ST-017,2024-25,2025-04-15 00:00,2025-04-17 00:00,CDC Light Trap,Successful,Valid,Officer A,,data_generator,2025-04-17
EVT-01458,TRP-019,ST-017,2024-25,2025-04-22 00:00,2025-04-24 00:00,CDC Light Trap,Successful,Valid,Officer D,,data_generator,2025-04-24
EVT-01459,TRP-019,ST-017,2024-25,2025-04-29 00:00,2025-05-01 00:00,CDC Light Trap,Successful,Valid,Officer E,,data_generator,2025-05-01
EVT-01460,TRP-019,ST-017,2024-25,2025-05-06 00:00,2025-05-08 00:00,CDC Light Trap,Successful,Valid,Officer D,,data_generator,2025-05-08
EVT-01461,TRP-019,ST-017,2024-25,2025-05-13 00:00,2025-05-15 00:00,CDC Light Trap,Successful,Valid,Officer B,,data_generator,2025-05-15
EVT-01462,TRP-019,ST-017,2024-25,2025-05-20 00:00,2025-05-22 00:00,CDC Light Trap,Successful,Valid,Officer C,,data_generator,2025-05-22
EVT-01463,TRP-020,ST-018,2024-25,2024-10-01 00:00,2024-10-03 00:00,CDC Light Trap,Successful,Valid,Officer C,,data_generator,2024-10-03
EVT-01464,TRP-020,ST-018,2024-25,2024-10-08 00:00,2024-10-10 00:00,CDC Light Trap,Successful,Valid,Officer B,,data_generator,2024-10-10
EVT-01465,TRP-020,ST-018,2024-25,2024-10-15 00:00,2024-10-17 00:00,CDC Light Trap,Successful,Valid,Officer A,,data_generator,2024-10-17
EVT-01466,TRP-020,ST-018,2024-25,2024-10-22 00:00,2024-10-24 00:00,CDC Light Trap,Successful,Valid,Officer F,,data_generator,2024-10-24
EVT-01467,TRP-020,ST-018,2024-25,2024-10-29 00:00,2024-10-31 00:00,CDC Light Trap,Missing,N/A,Officer F,,data_generator,2024-10-31
EVT-01468,TRP-020,ST-018,2024-25,2024-11-05 00:00,2024-11-07 00:00,CDC Light Trap,Successful,Valid,Officer B,,data_generator,2024-11-07
EVT-01469,TRP-020,ST-018,2024-25,2024-11-12 00:00,2024-11-14 00:00,CDC Light Trap,Partial,Valid,Officer F,,data_generator,2024-11-14
EVT-01470,TRP-020,ST-018,2024-25,2024-11-19 00:00,2024-11-21 00:00,CDC Light Trap,Successful,Valid,Officer F,,data_generator,2024-11-21
EVT-01471,TRP-020,ST-018,2024-25,2024-11-26 00:00,2024-11-28 00:00,CDC Light Trap,Missing,N/A,Officer C,,data_generator,2024-11-28
EVT-01472,TRP-020,ST-018,2024-25,2024-12-03 00:00,2024-12-05 00:00,CDC Light Trap,Successful,Valid,Officer C,,data_generator,2024-12-05
EVT-01473,TRP-020,ST-018,2024-25,2024-12-10 00:00,2024-12-12 00:00,CDC Light Trap,Successful,Valid,Officer D,,data_generator,2024-12-12
EVT-01474,TRP-020,ST-018,2024-25,2024-12-17 00:00,2024-12-19 00:00,CDC Light Trap,Successful,Valid,Officer B,,data_generator,2024-12-19
EVT-01475,TRP-020,ST-018,2024-25,2024-12-24 00:00,2024-12-26 00:00,CDC Light Trap,Successful,Valid,Officer A,,data_generator,2024-12-26
EVT-01476,TRP-020,ST-018,2024-25,2024-12-31 00:00,2025-01-02 00:00,CDC Light Trap,Successful,Valid,Officer F,,data_generator,2025-01-02
EVT-01477,TRP-020,ST-018,2024-25,2025-01-07 00:00,2025-01-09 00:00,CDC Light Trap,Successful,Valid,Officer C,,data_generator,2025-01-09
EVT-01478,TRP-020,ST-018,2024-25,2025-01-14 00:00,2025-01-16 00:00,CDC Light Trap,Successful,Valid,Officer E,,data_generator,2025-01-16
EVT-01479,TRP-020,ST-018,2024-25,2025-01-21 00:00,2025-01-23 00:00,CDC Light Trap,Successful,Valid,Officer D,,data_generator,2025-01-23
EVT-01480,TRP-020,ST-018,2024-25,2025-01-28 00:00,2025-01-30 00:00,CDC Light Trap,Successful,Valid,Officer C,,data_generator,2025-01-30
EVT-01481,TRP-020,ST-018,2024-25,2025-02-04 00:00,2025-02-06 00:00,CDC Light Trap,Successful,Valid,Officer E,,data_generator,2025-02-06
EVT-01482,TRP-020,ST-018,2024-25,2025-02-11 00:00,2025-02-13 00:00,CDC Light Trap,Successful,Valid,Officer E,,data_generator,2025-02-13
EVT-01483,TRP-020,ST-018,2024-25,2025-02-18 00:00,2025-02-20 00:00,CDC Light Trap,Successful,Valid,Officer F,,data_generator,2025-02-20
EVT-01484,TRP-020,ST-018,2024-25,2025-02-25 00:00,2025-02-27 00:00,CDC Light Trap,Successful,Valid,Officer D,,data_generator,2025-02-27
EVT-01485,TRP-020,ST-018,2024-25,2025-03-04 00:00,2025-03-06 00:00,CDC Light Trap,Successful,Valid,Officer B,,data_generator,2025-03-06
EVT-01486,TRP-020,ST-018,2024-25,2025-03-11 00:00,2025-03-13 00:00,CDC Light Trap,Successful,Valid,Officer F,,data_generator,2025-03-13
EVT-01487,TRP-020,ST-018,2024-25,2025-03-18 00:00,2025-03-20 00:00,CDC Light Trap,Successful,Valid,Officer D,,data_generator,2025-03-20
EVT-01488,TRP-020,ST-018,2024-25,2025-03-25 00:00,2025-03-27 00:00,CDC Light Trap,Successful,Valid,Officer E,,data_generator,2025-03-27
EVT-01489,TRP-020,ST-018,2024-25,2025-04-01 00:00,2025-04-03 00:00,CDC Light Trap,Successful,Valid,Officer B,,data_generator,2025-04-03
EVT-01490,TRP-020,ST-018,2024-25,2025-04-08 00:00,2025-04-10 00:00,CDC Light Trap,Successful,Valid,Officer A,,data_generator,2025-04-10
EVT-01491,TRP-020,ST-018,2024-25,2025-04-15 00:00,2025-04-17 00:00,CDC Light Trap,Successful,Valid,Officer B,,data_generator,2025-04-17
EVT-01492,TRP-020,ST-018,2024-25,2025-04-22 00:00,2025-04-24 00:00,CDC Light Trap,Successful,Valid,Officer B,,data_generator,2025-04-24
EVT-01493,TRP-020,ST-018,2024-25,2025-04-29 00:00,2025-05-01 00:00,CDC Light Trap,Successful,Valid,Officer A,,data_generator,2025-05-01
EVT-01494,TRP-020,ST-018,2024-25,2025-05-06 00:00,2025-05-08 00:00,CDC Light Trap,Successful,Valid,Officer A,,data_generator,2025-05-08
EVT-01495,TRP-020,ST-018,2024-25,2025-05-13 00:00,2025-05-15 00:00,CDC Light Trap,Failed - Equipment/Battery,Invalid,Officer C,,data_generator,2025-05-15
EVT-01496,TRP-020,ST-018,2024-25,2025-05-20 00:00,2025-05-22 00:00,CDC Light Trap,Successful,Valid,Officer F,,data_generator,2025-05-22
EVT-01497,TRP-021,ST-019,2024-25,2024-10-01 00:00,2024-10-03 00:00,EVS (CO2-baited),Failed - Equipment/Battery,Invalid,Officer D,,data_generator,2024-10-03
EVT-01498,TRP-021,ST-019,2024-25,2024-10-08 00:00,2024-10-10 00:00,EVS (CO2-baited),Successful,Valid,Officer F,,data_generator,2024-10-10
EVT-01499,TRP-021,ST-019,2024-25,2024-10-15 00:00,2024-10-17 00:00,EVS (CO2-baited),Successful,Valid,Officer B,,data_generator,2024-10-17
EVT-01500,TRP-021,ST-019,2024-25,2024-10-22 00:00,2024-10-24 00:00,EVS (CO2-baited),Successful,Valid,Officer F,,data_generator,2024-10-24
EVT-01501,TRP-021,ST-019,2024-25,2024-10-29 00:00,2024-10-31 00:00,EVS (CO2-baited),Successful,Valid,Officer B,,data_generator,2024-10-31
EVT-01502,TRP-021,ST-019,2024-25,2024-11-05 00:00,2024-11-07 00:00,EVS (CO2-baited),Successful,Valid,Officer A,,data_generator,2024-11-07
EVT-01503,TRP-021,ST-019,2024-25,2024-11-12 00:00,2024-11-14 00:00,EVS (CO2-baited),Successful,Valid,Officer E,,data_generator,2024-11-14
EVT-01504,TRP-021,ST-019,2024-25,2024-11-19 00:00,2024-11-21 00:00,EVS (CO2-baited),Successful,Valid,Officer B,,data_generator,2024-11-21
EVT-01505,TRP-021,ST-019,2024-25,2024-11-26 00:00,2024-11-28 00:00,EVS (CO2-baited),Successful,Valid,Officer F,,data_generator,2024-11-28
EVT-01506,TRP-021,ST-019,2024-25,2024-12-03 00:00,2024-12-05 00:00,EVS (CO2-baited),Successful,Valid,Officer F,,data_generator,2024-12-05
EVT-01507,TRP-021,ST-019,2024-25,2024-12-10 00:00,2024-12-12 00:00,EVS (CO2-baited),Successful,Valid,Officer C,,data_generator,2024-12-12
EVT-01508,TRP-021,ST-019,2024-25,2024-12-17 00:00,2024-12-19 00:00,EVS (CO2-baited),Successful,Valid,Officer D,,data_generator,2024-12-19
EVT-01509,TRP-021,ST-019,2024-25,2024-12-24 00:00,2024-12-26 00:00,EVS (CO2-baited),Successful,Valid,Officer E,,data_generator,2024-12-26
EVT-01510,TRP-021,ST-019,2024-25,2024-12-31 00:00,2025-01-02 00:00,EVS (CO2-baited),Successful,Valid,Officer F,,data_generator,2025-01-02
EVT-01511,TRP-021,ST-019,2024-25,2025-01-07 00:00,2025-01-09 00:00,EVS (CO2-baited),Failed - Equipment/Battery,Invalid,Officer A,,data_generator,2025-01-09
EVT-01512,TRP-021,ST-019,2024-25,2025-01-14 00:00,2025-01-16 00:00,EVS (CO2-baited),Missing,N/A,Officer D,,data_generator,2025-01-16
EVT-01513,TRP-021,ST-019,2024-25,2025-01-21 00:00,2025-01-23 00:00,EVS (CO2-baited),Successful,Valid,Officer C,,data_generator,2025-01-23
EVT-01514,TRP-021,ST-019,2024-25,2025-01-28 00:00,2025-01-30 00:00,EVS (CO2-baited),Successful,Valid,Officer E,,data_generator,2025-01-30
EVT-01515,TRP-021,ST-019,2024-25,2025-02-04 00:00,2025-02-06 00:00,EVS (CO2-baited),Successful,Valid,Officer B,,data_generator,2025-02-06
EVT-01516,TRP-021,ST-019,2024-25,2025-02-11 00:00,2025-02-13 00:00,EVS (CO2-baited),Successful,Valid,Officer A,,data_generator,2025-02-13
EVT-01517,TRP-021,ST-019,2024-25,2025-02-18 00:00,2025-02-20 00:00,EVS (CO2-baited),Successful,Valid,Officer E,,data_generator,2025-02-20
EVT-01518,TRP-021,ST-019,2024-25,2025-02-25 00:00,2025-02-27 00:00,EVS (CO2-baited),Successful,Valid,Officer E,,data_generator,2025-02-27
EVT-01519,TRP-021,ST-019,2024-25,2025-03-04 00:00,2025-03-06 00:00,EVS (CO2-baited),Successful,Valid,Officer B,,data_generator,2025-03-06
EVT-01520,TRP-021,ST-019,2024-25,2025-03-11 00:00,2025-03-13 00:00,EVS (CO2-baited),Successful,Valid,Officer D,,data_generator,2025-03-13
EVT-01521,TRP-021,ST-019,2024-25,2025-03-18 00:00,2025-03-20 00:00,EVS (CO2-baited),Successful,Valid,Officer C,,data_generator,2025-03-20
EVT-01522,TRP-021,ST-019,2024-25,2025-03-25 00:00,2025-03-27 00:00,EVS (CO2-baited),Successful,Valid,Officer D,,data_generator,2025-03-27
EVT-01523,TRP-021,ST-019,2024-25,2025-04-01 00:00,2025-04-03 00:00,EVS (CO2-baited),Successful,Valid,Officer D,,data_generator,2025-04-03
EVT-01524,TRP-021,ST-019,2024-25,2025-04-08 00:00,2025-04-10 00:00,EVS (CO2-baited),Successful,Valid,Officer F,,data_generator,2025-04-10
EVT-01525,TRP-021,ST-019,2024-25,2025-04-15 00:00,2025-04-17 00:00,EVS (CO2-baited),Successful,Valid,Officer E,,data_generator,2025-04-17
EVT-01526,TRP-021,ST-019,2024-25,2025-04-22 00:00,2025-04-24 00:00,EVS (CO2-baited),Successful,Valid,Officer D,,data_generator,2025-04-24
EVT-01527,TRP-021,ST-019,2024-25,2025-04-29 00:00,2025-05-01 00:00,EVS (CO2-baited),Successful,Valid,Officer E,,data_generator,2025-05-01
EVT-01528,TRP-021,ST-019,2024-25,2025-05-06 00:00,2025-05-08 00:00,EVS (CO2-baited),Failed - Equipment/Battery,Invalid,Officer D,,data_generator,2025-05-08
EVT-01529,TRP-021,ST-019,2024-25,2025-05-13 00:00,2025-05-15 00:00,EVS (CO2-baited),Successful,Valid,Officer D,,data_generator,2025-05-15
EVT-01530,TRP-021,ST-019,2024-25,2025-05-20 00:00,2025-05-22 00:00,EVS (CO2-baited),Successful,Valid,Officer E,,data_generator,2025-05-22
EVT-01531,TRP-022,ST-020,2024-25,2024-10-01 00:00,2024-10-03 00:00,EVS (CO2-baited),Successful,Valid,Officer B,,data_generator,2024-10-03
EVT-01532,TRP-022,ST-020,2024-25,2024-10-08 00:00,2024-10-10 00:00,EVS (CO2-baited),Missing,N/A,Officer C,,data_generator,2024-10-10
EVT-01533,TRP-022,ST-020,2024-25,2024-10-15 00:00,2024-10-17 00:00,EVS (CO2-baited),Successful,Valid,Officer C,,data_generator,2024-10-17
EVT-01534,TRP-022,ST-020,2024-25,2024-10-22 00:00,2024-10-24 00:00,EVS (CO2-baited),Successful,Valid,Officer A,,data_generator,2024-10-24
EVT-01535,TRP-022,ST-020,2024-25,2024-10-29 00:00,2024-10-31 00:00,EVS (CO2-baited),Successful,Valid,Officer E,,data_generator,2024-10-31
EVT-01536,TRP-022,ST-020,2024-25,2024-11-05 00:00,2024-11-07 00:00,EVS (CO2-baited),Successful,Valid,Officer C,,data_generator,2024-11-07
EVT-01537,TRP-022,ST-020,2024-25,2024-11-12 00:00,2024-11-14 00:00,EVS (CO2-baited),Successful,Valid,Officer A,,data_generator,2024-11-14
EVT-01538,TRP-022,ST-020,2024-25,2024-11-19 00:00,2024-11-21 00:00,EVS (CO2-baited),Successful,Valid,Officer F,,data_generator,2024-11-21
EVT-01539,TRP-022,ST-020,2024-25,2024-11-26 00:00,2024-11-28 00:00,EVS (CO2-baited),Successful,Valid,Officer B,,data_generator,2024-11-28
EVT-01540,TRP-022,ST-020,2024-25,2024-12-03 00:00,2024-12-05 00:00,EVS (CO2-baited),Successful,Valid,Officer E,,data_generator,2024-12-05
EVT-01541,TRP-022,ST-020,2024-25,2024-12-10 00:00,2024-12-12 00:00,EVS (CO2-baited),Successful,Valid,Officer A,,data_generator,2024-12-12
EVT-01542,TRP-022,ST-020,2024-25,2024-12-17 00:00,2024-12-19 00:00,EVS (CO2-baited),Successful,Valid,Officer D,,data_generator,2024-12-19
EVT-01543,TRP-022,ST-020,2024-25,2024-12-24 00:00,2024-12-26 00:00,EVS (CO2-baited),Successful,Valid,Officer F,,data_generator,2024-12-26
EVT-01544,TRP-022,ST-020,2024-25,2024-12-31 00:00,2025-01-02 00:00,EVS (CO2-baited),Successful,Valid,Officer B,,data_generator,2025-01-02
EVT-01545,TRP-022,ST-020,2024-25,2025-01-07 00:00,2025-01-09 00:00,EVS (CO2-baited),Successful,Valid,Officer C,,data_generator,2025-01-09
EVT-01546,TRP-022,ST-020,2024-25,2025-01-14 00:00,2025-01-16 00:00,EVS (CO2-baited),Successful,Valid,Officer B,,data_generator,2025-01-16
EVT-01547,TRP-022,ST-020,2024-25,2025-01-21 00:00,2025-01-23 00:00,EVS (CO2-baited),Failed - Equipment/Battery,Invalid,Officer D,,data_generator,2025-01-23
EVT-01548,TRP-022,ST-020,2024-25,2025-01-28 00:00,2025-01-30 00:00,EVS (CO2-baited),Successful,Valid,Officer B,,data_generator,2025-01-30
EVT-01549,TRP-022,ST-020,2024-25,2025-02-04 00:00,2025-02-06 00:00,EVS (CO2-baited),Successful,Valid,Officer B,,data_generator,2025-02-06
EVT-01550,TRP-022,ST-020,2024-25,2025-02-11 00:00,2025-02-13 00:00,EVS (CO2-baited),Successful,Valid,Officer C,,data_generator,2025-02-13
EVT-01551,TRP-022,ST-020,2024-25,2025-02-18 00:00,2025-02-20 00:00,EVS (CO2-baited),Successful,Valid,Officer C,,data_generator,2025-02-20
EVT-01552,TRP-022,ST-020,2024-25,2025-02-25 00:00,2025-02-27 00:00,EVS (CO2-baited),Successful,Valid,Officer F,,data_generator,2025-02-27
EVT-01553,TRP-022,ST-020,2024-25,2025-03-04 00:00,2025-03-06 00:00,EVS (CO2-baited),Successful,Valid,Officer B,,data_generator,2025-03-06
EVT-01554,TRP-022,ST-020,2024-25,2025-03-11 00:00,2025-03-13 00:00,EVS (CO2-baited),Successful,Valid,Officer F,,data_generator,2025-03-13
EVT-01555,TRP-022,ST-020,2024-25,2025-03-18 00:00,2025-03-20 00:00,EVS (CO2-baited),Successful,Valid,Officer E,,data_generator,2025-03-20
EVT-01556,TRP-022,ST-020,2024-25,2025-03-25 00:00,2025-03-27 00:00,EVS (CO2-baited),Successful,Valid,Officer E,,data_generator,2025-03-27
EVT-01557,TRP-022,ST-020,2024-25,2025-04-01 00:00,2025-04-03 00:00,EVS (CO2-baited),Successful,Valid,Officer F,,data_generator,2025-04-03
EVT-01558,TRP-022,ST-020,2024-25,2025-04-08 00:00,2025-04-10 00:00,EVS (CO2-baited),Successful,Valid,Officer D,,data_generator,2025-04-10
EVT-01559,TRP-022,ST-020,2024-25,2025-04-15 00:00,2025-04-17 00:00,EVS (CO2-baited),Successful,Valid,Officer F,,data_generator,2025-04-17
EVT-01560,TRP-022,ST-020,2024-25,2025-04-22 00:00,2025-04-24 00:00,EVS (CO2-baited),Successful,Valid,Officer B,,data_generator,2025-04-24
EVT-01561,TRP-022,ST-020,2024-25,2025-04-29 00:00,2025-05-01 00:00,EVS (CO2-baited),Successful,Valid,Officer A,,data_generator,2025-05-01
EVT-01562,TRP-022,ST-020,2024-25,2025-05-06 00:00,2025-05-08 00:00,EVS (CO2-baited),Successful,Valid,Officer A,,data_generator,2025-05-08
EVT-01563,TRP-022,ST-020,2024-25,2025-05-13 00:00,2025-05-15 00:00,EVS (CO2-baited),Failed - Equipment/Battery,Invalid,Officer A,,data_generator,2025-05-15
EVT-01564,TRP-022,ST-020,2024-25,2025-05-20 00:00,2025-05-22 00:00,EVS (CO2-baited),Successful,Valid,Officer C,,data_generator,2025-05-22
EVT-01565,TRP-023,ST-021,2024-25,2024-10-01 00:00,2024-10-03 00:00,Gravid Trap,Successful,Valid,Officer D,,data_generator,2024-10-03
EVT-01566,TRP-023,ST-021,2024-25,2024-10-08 00:00,2024-10-10 00:00,Gravid Trap,Partial,Valid,Officer A,,data_generator,2024-10-10
EVT-01567,TRP-023,ST-021,2024-25,2024-10-15 00:00,2024-10-17 00:00,Gravid Trap,Successful,Valid,Officer A,,data_generator,2024-10-17
EVT-01568,TRP-023,ST-021,2024-25,2024-10-22 00:00,2024-10-24 00:00,Gravid Trap,Successful,Valid,Officer A,,data_generator,2024-10-24
EVT-01569,TRP-023,ST-021,2024-25,2024-10-29 00:00,2024-10-31 00:00,Gravid Trap,Successful,Valid,Officer A,,data_generator,2024-10-31
EVT-01570,TRP-023,ST-021,2024-25,2024-11-05 00:00,2024-11-07 00:00,Gravid Trap,Successful,Valid,Officer E,,data_generator,2024-11-07
EVT-01571,TRP-023,ST-021,2024-25,2024-11-12 00:00,2024-11-14 00:00,Gravid Trap,Successful,Valid,Officer F,,data_generator,2024-11-14
EVT-01572,TRP-023,ST-021,2024-25,2024-11-19 00:00,2024-11-21 00:00,Gravid Trap,Successful,Valid,Officer D,,data_generator,2024-11-21
EVT-01573,TRP-023,ST-021,2024-25,2024-11-26 00:00,2024-11-28 00:00,Gravid Trap,Successful,Valid,Officer D,,data_generator,2024-11-28
EVT-01574,TRP-023,ST-021,2024-25,2024-12-03 00:00,2024-12-05 00:00,Gravid Trap,Successful,Valid,Officer B,,data_generator,2024-12-05
EVT-01575,TRP-023,ST-021,2024-25,2024-12-10 00:00,2024-12-12 00:00,Gravid Trap,Successful,Valid,Officer A,,data_generator,2024-12-12
EVT-01576,TRP-023,ST-021,2024-25,2024-12-17 00:00,2024-12-19 00:00,Gravid Trap,Successful,Valid,Officer B,,data_generator,2024-12-19
EVT-01577,TRP-023,ST-021,2024-25,2024-12-24 00:00,2024-12-26 00:00,Gravid Trap,Successful,Valid,Officer E,,data_generator,2024-12-26
EVT-01578,TRP-023,ST-021,2024-25,2024-12-31 00:00,2025-01-02 00:00,Gravid Trap,Successful,Valid,Officer D,,data_generator,2025-01-02
EVT-01579,TRP-023,ST-021,2024-25,2025-01-07 00:00,2025-01-09 00:00,Gravid Trap,Successful,Valid,Officer E,,data_generator,2025-01-09
EVT-01580,TRP-023,ST-021,2024-25,2025-01-14 00:00,2025-01-16 00:00,Gravid Trap,Successful,Valid,Officer F,,data_generator,2025-01-16
EVT-01581,TRP-023,ST-021,2024-25,2025-01-21 00:00,2025-01-23 00:00,Gravid Trap,Successful,Valid,Officer D,,data_generator,2025-01-23
EVT-01582,TRP-023,ST-021,2024-25,2025-01-28 00:00,2025-01-30 00:00,Gravid Trap,Successful,Valid,Officer B,,data_generator,2025-01-30
EVT-01583,TRP-023,ST-021,2024-25,2025-02-04 00:00,2025-02-06 00:00,Gravid Trap,Successful,Valid,Officer C,,data_generator,2025-02-06
EVT-01584,TRP-023,ST-021,2024-25,2025-02-11 00:00,2025-02-13 00:00,Gravid Trap,Successful,Valid,Officer B,,data_generator,2025-02-13
EVT-01585,TRP-023,ST-021,2024-25,2025-02-18 00:00,2025-02-20 00:00,Gravid Trap,Successful,Valid,Officer E,,data_generator,2025-02-20
EVT-01586,TRP-023,ST-021,2024-25,2025-02-25 00:00,2025-02-27 00:00,Gravid Trap,Successful,Valid,Officer A,,data_generator,2025-02-27
EVT-01587,TRP-023,ST-021,2024-25,2025-03-04 00:00,2025-03-06 00:00,Gravid Trap,Successful,Valid,Officer C,,data_generator,2025-03-06
EVT-01588,TRP-023,ST-021,2024-25,2025-03-11 00:00,2025-03-13 00:00,Gravid Trap,Successful,Valid,Officer B,,data_generator,2025-03-13
EVT-01589,TRP-023,ST-021,2024-25,2025-03-18 00:00,2025-03-20 00:00,Gravid Trap,Missing,N/A,Officer D,,data_generator,2025-03-20
EVT-01590,TRP-023,ST-021,2024-25,2025-03-25 00:00,2025-03-27 00:00,Gravid Trap,Successful,Valid,Officer E,,data_generator,2025-03-27
EVT-01591,TRP-023,ST-021,2024-25,2025-04-01 00:00,2025-04-03 00:00,Gravid Trap,Successful,Valid,Officer C,,data_generator,2025-04-03
EVT-01592,TRP-023,ST-021,2024-25,2025-04-08 00:00,2025-04-10 00:00,Gravid Trap,Successful,Valid,Officer A,,data_generator,2025-04-10
EVT-01593,TRP-023,ST-021,2024-25,2025-04-15 00:00,2025-04-17 00:00,Gravid Trap,Successful,Valid,Officer B,,data_generator,2025-04-17
EVT-01594,TRP-023,ST-021,2024-25,2025-04-22 00:00,2025-04-24 00:00,Gravid Trap,Missing,N/A,Officer B,,data_generator,2025-04-24
EVT-01595,TRP-023,ST-021,2024-25,2025-04-29 00:00,2025-05-01 00:00,Gravid Trap,Successful,Valid,Officer B,,data_generator,2025-05-01
EVT-01596,TRP-023,ST-021,2024-25,2025-05-06 00:00,2025-05-08 00:00,Gravid Trap,Successful,Valid,Officer E,,data_generator,2025-05-08
EVT-01597,TRP-023,ST-021,2024-25,2025-05-13 00:00,2025-05-15 00:00,Gravid Trap,Successful,Valid,Officer A,,data_generator,2025-05-15
EVT-01598,TRP-023,ST-021,2024-25,2025-05-20 00:00,2025-05-22 00:00,Gravid Trap,Successful,Valid,Officer D,,data_generator,2025-05-22
EVT-01599,TRP-024,ST-022,2024-25,2024-10-01 00:00,2024-10-03 00:00,EVS (CO2-baited),Successful,Valid,Officer D,,data_generator,2024-10-03
EVT-01600,TRP-024,ST-022,2024-25,2024-10-08 00:00,2024-10-10 00:00,EVS (CO2-baited),Successful,Valid,Officer D,,data_generator,2024-10-10
EVT-01601,TRP-024,ST-022,2024-25,2024-10-15 00:00,2024-10-17 00:00,EVS (CO2-baited),Successful,Valid,Officer F,,data_generator,2024-10-17
EVT-01602,TRP-024,ST-022,2024-25,2024-10-22 00:00,2024-10-24 00:00,EVS (CO2-baited),Successful,Valid,Officer C,,data_generator,2024-10-24
EVT-01603,TRP-024,ST-022,2024-25,2024-10-29 00:00,2024-10-31 00:00,EVS (CO2-baited),Successful,Valid,Officer E,,data_generator,2024-10-31
EVT-01604,TRP-024,ST-022,2024-25,2024-11-05 00:00,2024-11-07 00:00,EVS (CO2-baited),Successful,Valid,Officer F,,data_generator,2024-11-07
EVT-01605,TRP-024,ST-022,2024-25,2024-11-12 00:00,2024-11-14 00:00,EVS (CO2-baited),Successful,Valid,Officer D,,data_generator,2024-11-14
EVT-01606,TRP-024,ST-022,2024-25,2024-11-19 00:00,2024-11-21 00:00,EVS (CO2-baited),Failed - Equipment/Battery,Invalid,Officer F,,data_generator,2024-11-21
EVT-01607,TRP-024,ST-022,2024-25,2024-11-26 00:00,2024-11-28 00:00,EVS (CO2-baited),Successful,Valid,Officer A,,data_generator,2024-11-28
EVT-01608,TRP-024,ST-022,2024-25,2024-12-03 00:00,2024-12-05 00:00,EVS (CO2-baited),Successful,Valid,Officer A,,data_generator,2024-12-05
EVT-01609,TRP-024,ST-022,2024-25,2024-12-10 00:00,2024-12-12 00:00,EVS (CO2-baited),Successful,Valid,Officer C,,data_generator,2024-12-12
EVT-01610,TRP-024,ST-022,2024-25,2024-12-17 00:00,2024-12-19 00:00,EVS (CO2-baited),Successful,Valid,Officer C,,data_generator,2024-12-19
EVT-01611,TRP-024,ST-022,2024-25,2024-12-24 00:00,2024-12-26 00:00,EVS (CO2-baited),Successful,Valid,Officer A,,data_generator,2024-12-26
EVT-01612,TRP-024,ST-022,2024-25,2024-12-31 00:00,2025-01-02 00:00,EVS (CO2-baited),Successful,Valid,Officer F,,data_generator,2025-01-02
EVT-01613,TRP-024,ST-022,2024-25,2025-01-07 00:00,2025-01-09 00:00,EVS (CO2-baited),Successful,Valid,Officer F,,data_generator,2025-01-09
EVT-01614,TRP-024,ST-022,2024-25,2025-01-14 00:00,2025-01-16 00:00,EVS (CO2-baited),Successful,Valid,Officer F,,data_generator,2025-01-16
EVT-01615,TRP-024,ST-022,2024-25,2025-01-21 00:00,2025-01-23 00:00,EVS (CO2-baited),Successful,Valid,Officer F,,data_generator,2025-01-23
EVT-01616,TRP-024,ST-022,2024-25,2025-01-28 00:00,2025-01-30 00:00,EVS (CO2-baited),Successful,Valid,Officer D,,data_generator,2025-01-30
EVT-01617,TRP-024,ST-022,2024-25,2025-02-04 00:00,2025-02-06 00:00,EVS (CO2-baited),Successful,Valid,Officer E,,data_generator,2025-02-06
EVT-01618,TRP-024,ST-022,2024-25,2025-02-11 00:00,2025-02-13 00:00,EVS (CO2-baited),Successful,Valid,Officer E,,data_generator,2025-02-13
EVT-01619,TRP-024,ST-022,2024-25,2025-02-18 00:00,2025-02-20 00:00,EVS (CO2-baited),Successful,Valid,Officer B,,data_generator,2025-02-20
EVT-01620,TRP-024,ST-022,2024-25,2025-02-25 00:00,2025-02-27 00:00,EVS (CO2-baited),Successful,Valid,Officer D,,data_generator,2025-02-27
EVT-01621,TRP-024,ST-022,2024-25,2025-03-04 00:00,2025-03-06 00:00,EVS (CO2-baited),Successful,Valid,Officer D,,data_generator,2025-03-06
EVT-01622,TRP-024,ST-022,2024-25,2025-03-11 00:00,2025-03-13 00:00,EVS (CO2-baited),Successful,Valid,Officer F,,data_generator,2025-03-13
EVT-01623,TRP-024,ST-022,2024-25,2025-03-18 00:00,2025-03-20 00:00,EVS (CO2-baited),Successful,Valid,Officer D,,data_generator,2025-03-20
EVT-01624,TRP-024,ST-022,2024-25,2025-03-25 00:00,2025-03-27 00:00,EVS (CO2-baited),Failed - Equipment/Battery,Invalid,Officer F,,data_generator,2025-03-27
EVT-01625,TRP-024,ST-022,2024-25,2025-04-01 00:00,2025-04-03 00:00,EVS (CO2-baited),Successful,Valid,Officer F,,data_generator,2025-04-03
EVT-01626,TRP-024,ST-022,2024-25,2025-04-08 00:00,2025-04-10 00:00,EVS (CO2-baited),Successful,Valid,Officer C,,data_generator,2025-04-10
EVT-01627,TRP-024,ST-022,2024-25,2025-04-15 00:00,2025-04-17 00:00,EVS (CO2-baited),Successful,Valid,Officer B,,data_generator,2025-04-17
EVT-01628,TRP-024,ST-022,2024-25,2025-04-22 00:00,2025-04-24 00:00,EVS (CO2-baited),Successful,Valid,Officer F,,data_generator,2025-04-24
EVT-01629,TRP-024,ST-022,2024-25,2025-04-29 00:00,2025-05-01 00:00,EVS (CO2-baited),Successful,Valid,Officer E,,data_generator,2025-05-01
EVT-01630,TRP-024,ST-022,2024-25,2025-05-06 00:00,2025-05-08 00:00,EVS (CO2-baited),Successful,Valid,Officer C,,data_generator,2025-05-08
EVT-01631,TRP-024,ST-022,2024-25,2025-05-13 00:00,2025-05-15 00:00,EVS (CO2-baited),Successful,Valid,Officer D,,data_generator,2025-05-15
EVT-01632,TRP-024,ST-022,2024-25,2025-05-20 00:00,2025-05-22 00:00,EVS (CO2-baited),Successful,Valid,Officer A,,data_generator,2025-05-22
EVT-01633,TRP-001,ST-001,2025-26,2025-10-01 00:00,2025-10-03 00:00,Gravid Trap,Successful,Valid,Officer C,,data_generator,2025-10-03
EVT-01634,TRP-001,ST-001,2025-26,2025-10-08 00:00,2025-10-10 00:00,Gravid Trap,Failed - Equipment/Battery,Invalid,Officer B,,data_generator,2025-10-10
EVT-01635,TRP-001,ST-001,2025-26,2025-10-15 00:00,2025-10-17 00:00,Gravid Trap,Successful,Valid,Officer C,,data_generator,2025-10-17
EVT-01636,TRP-001,ST-001,2025-26,2025-10-22 00:00,2025-10-24 00:00,Gravid Trap,Successful,Valid,Officer D,,data_generator,2025-10-24
EVT-01637,TRP-001,ST-001,2025-26,2025-10-29 00:00,2025-10-31 00:00,Gravid Trap,Successful,Valid,Officer F,,data_generator,2025-10-31
EVT-01638,TRP-001,ST-001,2025-26,2025-11-05 00:00,2025-11-07 00:00,Gravid Trap,Successful,Valid,Officer C,,data_generator,2025-11-07
EVT-01639,TRP-001,ST-001,2025-26,2025-11-12 00:00,2025-11-14 00:00,Gravid Trap,Successful,Valid,Officer F,,data_generator,2025-11-14
EVT-01640,TRP-001,ST-001,2025-26,2025-11-19 00:00,2025-11-21 00:00,Gravid Trap,Successful,Valid,Officer D,,data_generator,2025-11-21
EVT-01641,TRP-001,ST-001,2025-26,2025-11-26 00:00,2025-11-28 00:00,Gravid Trap,Successful,Valid,Officer F,,data_generator,2025-11-28
EVT-01642,TRP-001,ST-001,2025-26,2025-12-03 00:00,2025-12-05 00:00,Gravid Trap,Successful,Valid,Officer E,,data_generator,2025-12-05
EVT-01643,TRP-001,ST-001,2025-26,2025-12-10 00:00,2025-12-12 00:00,Gravid Trap,Successful,Valid,Officer E,,data_generator,2025-12-12
EVT-01644,TRP-001,ST-001,2025-26,2025-12-17 00:00,2025-12-19 00:00,Gravid Trap,Successful,Valid,Officer C,,data_generator,2025-12-19
EVT-01645,TRP-001,ST-001,2025-26,2025-12-24 00:00,2025-12-26 00:00,Gravid Trap,Successful,Valid,Officer D,,data_generator,2025-12-26
EVT-01646,TRP-001,ST-001,2025-26,2025-12-31 00:00,2026-01-02 00:00,Gravid Trap,Successful,Valid,Officer C,,data_generator,2026-01-02
EVT-01647,TRP-001,ST-001,2025-26,2026-01-07 00:00,2026-01-09 00:00,Gravid Trap,Successful,Valid,Officer E,,data_generator,2026-01-09
EVT-01648,TRP-001,ST-001,2025-26,2026-01-14 00:00,2026-01-16 00:00,Gravid Trap,Successful,Valid,Officer A,,data_generator,2026-01-16
EVT-01649,TRP-001,ST-001,2025-26,2026-01-21 00:00,2026-01-23 00:00,Gravid Trap,Successful,Valid,Officer D,,data_generator,2026-01-23
EVT-01650,TRP-001,ST-001,2025-26,2026-01-28 00:00,2026-01-30 00:00,Gravid Trap,Successful,Valid,Officer D,,data_generator,2026-01-30
EVT-01651,TRP-002,ST-002,2025-26,2025-10-01 00:00,2025-10-03 00:00,BG-Sentinel,Successful,Valid,Officer B,,data_generator,2025-10-03
EVT-01652,TRP-002,ST-002,2025-26,2025-10-08 00:00,2025-10-10 00:00,BG-Sentinel,Successful,Valid,Officer A,,data_generator,2025-10-10
EVT-01653,TRP-002,ST-002,2025-26,2025-10-15 00:00,2025-10-17 00:00,BG-Sentinel,Successful,Valid,Officer D,,data_generator,2025-10-17
EVT-01654,TRP-002,ST-002,2025-26,2025-10-22 00:00,2025-10-24 00:00,BG-Sentinel,Successful,Valid,Officer E,,data_generator,2025-10-24
EVT-01655,TRP-002,ST-002,2025-26,2025-10-29 00:00,2025-10-31 00:00,BG-Sentinel,Successful,Valid,Officer D,,data_generator,2025-10-31
EVT-01656,TRP-002,ST-002,2025-26,2025-11-05 00:00,2025-11-07 00:00,BG-Sentinel,Successful,Valid,Officer E,,data_generator,2025-11-07
EVT-01657,TRP-002,ST-002,2025-26,2025-11-12 00:00,2025-11-14 00:00,BG-Sentinel,Successful,Valid,Officer A,,data_generator,2025-11-14
EVT-01658,TRP-002,ST-002,2025-26,2025-11-19 00:00,2025-11-21 00:00,BG-Sentinel,Successful,Valid,Officer A,,data_generator,2025-11-21
EVT-01659,TRP-002,ST-002,2025-26,2025-11-26 00:00,2025-11-28 00:00,BG-Sentinel,Successful,Valid,Officer E,,data_generator,2025-11-28
EVT-01660,TRP-002,ST-002,2025-26,2025-12-03 00:00,2025-12-05 00:00,BG-Sentinel,Successful,Valid,Officer A,,data_generator,2025-12-05
EVT-01661,TRP-002,ST-002,2025-26,2025-12-10 00:00,2025-12-12 00:00,BG-Sentinel,Successful,Valid,Officer F,,data_generator,2025-12-12
EVT-01662,TRP-002,ST-002,2025-26,2025-12-17 00:00,2025-12-19 00:00,BG-Sentinel,Successful,Valid,Officer F,,data_generator,2025-12-19
EVT-01663,TRP-002,ST-002,2025-26,2025-12-24 00:00,2025-12-26 00:00,BG-Sentinel,Successful,Valid,Officer E,,data_generator,2025-12-26
EVT-01664,TRP-002,ST-002,2025-26,2025-12-31 00:00,2026-01-02 00:00,BG-Sentinel,Successful,Valid,Officer E,,data_generator,2026-01-02
EVT-01665,TRP-002,ST-002,2025-26,2026-01-07 00:00,2026-01-09 00:00,BG-Sentinel,Successful,Valid,Officer A,,data_generator,2026-01-09
EVT-01666,TRP-002,ST-002,2025-26,2026-01-14 00:00,2026-01-16 00:00,BG-Sentinel,Successful,Valid,Officer F,,data_generator,2026-01-16
EVT-01667,TRP-002,ST-002,2025-26,2026-01-21 00:00,2026-01-23 00:00,BG-Sentinel,Successful,Valid,Officer E,,data_generator,2026-01-23
EVT-01668,TRP-002,ST-002,2025-26,2026-01-28 00:00,2026-01-30 00:00,BG-Sentinel,Successful,Valid,Officer B,,data_generator,2026-01-30
EVT-01669,TRP-003,ST-003,2025-26,2025-10-01 00:00,2025-10-03 00:00,EVS (CO2-baited),Successful,Valid,Officer D,,data_generator,2025-10-03
EVT-01670,TRP-003,ST-003,2025-26,2025-10-08 00:00,2025-10-10 00:00,EVS (CO2-baited),Successful,Valid,Officer B,,data_generator,2025-10-10
EVT-01671,TRP-003,ST-003,2025-26,2025-10-15 00:00,2025-10-17 00:00,EVS (CO2-baited),Missing,N/A,Officer F,,data_generator,2025-10-17
EVT-01672,TRP-003,ST-003,2025-26,2025-10-22 00:00,2025-10-24 00:00,EVS (CO2-baited),Successful,Valid,Officer C,,data_generator,2025-10-24
EVT-01673,TRP-003,ST-003,2025-26,2025-10-29 00:00,2025-10-31 00:00,EVS (CO2-baited),Successful,Valid,Officer C,,data_generator,2025-10-31
EVT-01674,TRP-003,ST-003,2025-26,2025-11-05 00:00,2025-11-07 00:00,EVS (CO2-baited),Successful,Valid,Officer F,,data_generator,2025-11-07
EVT-01675,TRP-003,ST-003,2025-26,2025-11-12 00:00,2025-11-14 00:00,EVS (CO2-baited),Successful,Valid,Officer F,,data_generator,2025-11-14
EVT-01676,TRP-003,ST-003,2025-26,2025-11-19 00:00,2025-11-21 00:00,EVS (CO2-baited),Partial,Valid,Officer E,,data_generator,2025-11-21
EVT-01677,TRP-003,ST-003,2025-26,2025-11-26 00:00,2025-11-28 00:00,EVS (CO2-baited),Successful,Valid,Officer C,,data_generator,2025-11-28
EVT-01678,TRP-003,ST-003,2025-26,2025-12-03 00:00,2025-12-05 00:00,EVS (CO2-baited),Successful,Valid,Officer A,,data_generator,2025-12-05
EVT-01679,TRP-003,ST-003,2025-26,2025-12-10 00:00,2025-12-12 00:00,EVS (CO2-baited),Successful,Valid,Officer C,,data_generator,2025-12-12
EVT-01680,TRP-003,ST-003,2025-26,2025-12-17 00:00,2025-12-19 00:00,EVS (CO2-baited),Successful,Valid,Officer C,,data_generator,2025-12-19
EVT-01681,TRP-003,ST-003,2025-26,2025-12-24 00:00,2025-12-26 00:00,EVS (CO2-baited),Successful,Valid,Officer B,,data_generator,2025-12-26
EVT-01682,TRP-003,ST-003,2025-26,2025-12-31 00:00,2026-01-02 00:00,EVS (CO2-baited),Successful,Valid,Officer C,,data_generator,2026-01-02
EVT-01683,TRP-003,ST-003,2025-26,2026-01-07 00:00,2026-01-09 00:00,EVS (CO2-baited),Successful,Valid,Officer A,,data_generator,2026-01-09
EVT-01684,TRP-003,ST-003,2025-26,2026-01-14 00:00,2026-01-16 00:00,EVS (CO2-baited),Successful,Valid,Officer B,,data_generator,2026-01-16
EVT-01685,TRP-003,ST-003,2025-26,2026-01-21 00:00,2026-01-23 00:00,EVS (CO2-baited),Partial,Valid,Officer E,,data_generator,2026-01-23
EVT-01686,TRP-003,ST-003,2025-26,2026-01-28 00:00,2026-01-30 00:00,EVS (CO2-baited),Successful,Valid,Officer F,,data_generator,2026-01-30
EVT-01687,TRP-004,ST-003,2025-26,2025-10-01 00:00,2025-10-03 00:00,BG-Sentinel,Successful,Valid,Officer C,,data_generator,2025-10-03
EVT-01688,TRP-004,ST-003,2025-26,2025-10-08 00:00,2025-10-10 00:00,BG-Sentinel,Successful,Valid,Officer F,,data_generator,2025-10-10
EVT-01689,TRP-004,ST-003,2025-26,2025-10-15 00:00,2025-10-17 00:00,BG-Sentinel,Successful,Valid,Officer B,,data_generator,2025-10-17
EVT-01690,TRP-004,ST-003,2025-26,2025-10-22 00:00,2025-10-24 00:00,BG-Sentinel,Successful,Valid,Officer C,,data_generator,2025-10-24
EVT-01691,TRP-004,ST-003,2025-26,2025-10-29 00:00,2025-10-31 00:00,BG-Sentinel,Successful,Valid,Officer E,,data_generator,2025-10-31
EVT-01692,TRP-004,ST-003,2025-26,2025-11-05 00:00,2025-11-07 00:00,BG-Sentinel,Successful,Valid,Officer F,,data_generator,2025-11-07
EVT-01693,TRP-004,ST-003,2025-26,2025-11-12 00:00,2025-11-14 00:00,BG-Sentinel,Successful,Valid,Officer E,,data_generator,2025-11-14
EVT-01694,TRP-004,ST-003,2025-26,2025-11-19 00:00,2025-11-21 00:00,BG-Sentinel,Missing,N/A,Officer C,,data_generator,2025-11-21
EVT-01695,TRP-004,ST-003,2025-26,2025-11-26 00:00,2025-11-28 00:00,BG-Sentinel,Successful,Valid,Officer F,,data_generator,2025-11-28
EVT-01696,TRP-004,ST-003,2025-26,2025-12-03 00:00,2025-12-05 00:00,BG-Sentinel,Successful,Valid,Officer F,,data_generator,2025-12-05
EVT-01697,TRP-004,ST-003,2025-26,2025-12-10 00:00,2025-12-12 00:00,BG-Sentinel,Successful,Valid,Officer C,,data_generator,2025-12-12
EVT-01698,TRP-004,ST-003,2025-26,2025-12-17 00:00,2025-12-19 00:00,BG-Sentinel,Failed - Equipment/Battery,Invalid,Officer F,,data_generator,2025-12-19
EVT-01699,TRP-004,ST-003,2025-26,2025-12-24 00:00,2025-12-26 00:00,BG-Sentinel,Failed - Equipment/Battery,Invalid,Officer B,,data_generator,2025-12-26
EVT-01700,TRP-004,ST-003,2025-26,2025-12-31 00:00,2026-01-02 00:00,BG-Sentinel,Successful,Valid,Officer E,,data_generator,2026-01-02
EVT-01701,TRP-004,ST-003,2025-26,2026-01-07 00:00,2026-01-09 00:00,BG-Sentinel,Successful,Valid,Officer B,,data_generator,2026-01-09
EVT-01702,TRP-004,ST-003,2025-26,2026-01-14 00:00,2026-01-16 00:00,BG-Sentinel,Successful,Valid,Officer E,,data_generator,2026-01-16
EVT-01703,TRP-004,ST-003,2025-26,2026-01-21 00:00,2026-01-23 00:00,BG-Sentinel,Successful,Valid,Officer E,,data_generator,2026-01-23
EVT-01704,TRP-004,ST-003,2025-26,2026-01-28 00:00,2026-01-30 00:00,BG-Sentinel,Successful,Valid,Officer C,,data_generator,2026-01-30
EVT-01705,TRP-005,ST-005,2025-26,2025-10-01 00:00,2025-10-03 00:00,EVS (CO2-baited),Successful,Valid,Officer E,,data_generator,2025-10-03
EVT-01706,TRP-005,ST-005,2025-26,2025-10-08 00:00,2025-10-10 00:00,EVS (CO2-baited),Successful,Valid,Officer E,,data_generator,2025-10-10
EVT-01707,TRP-005,ST-005,2025-26,2025-10-15 00:00,2025-10-17 00:00,EVS (CO2-baited),Partial,Valid,Officer E,,data_generator,2025-10-17
EVT-01708,TRP-005,ST-005,2025-26,2025-10-22 00:00,2025-10-24 00:00,EVS (CO2-baited),Successful,Valid,Officer B,,data_generator,2025-10-24
EVT-01709,TRP-005,ST-005,2025-26,2025-10-29 00:00,2025-10-31 00:00,EVS (CO2-baited),Successful,Valid,Officer E,,data_generator,2025-10-31
EVT-01710,TRP-005,ST-005,2025-26,2025-11-05 00:00,2025-11-07 00:00,EVS (CO2-baited),Successful,Valid,Officer C,,data_generator,2025-11-07
EVT-01711,TRP-005,ST-005,2025-26,2025-11-12 00:00,2025-11-14 00:00,EVS (CO2-baited),Partial,Valid,Officer C,,data_generator,2025-11-14
EVT-01712,TRP-005,ST-005,2025-26,2025-11-19 00:00,2025-11-21 00:00,EVS (CO2-baited),Successful,Valid,Officer A,,data_generator,2025-11-21
EVT-01713,TRP-005,ST-005,2025-26,2025-11-26 00:00,2025-11-28 00:00,EVS (CO2-baited),Successful,Valid,Officer C,,data_generator,2025-11-28
EVT-01714,TRP-005,ST-005,2025-26,2025-12-03 00:00,2025-12-05 00:00,EVS (CO2-baited),Successful,Valid,Officer F,,data_generator,2025-12-05
EVT-01715,TRP-005,ST-005,2025-26,2025-12-10 00:00,2025-12-12 00:00,EVS (CO2-baited),Partial,Valid,Officer D,,data_generator,2025-12-12
EVT-01716,TRP-005,ST-005,2025-26,2025-12-17 00:00,2025-12-19 00:00,EVS (CO2-baited),Successful,Valid,Officer C,,data_generator,2025-12-19
EVT-01717,TRP-005,ST-005,2025-26,2025-12-24 00:00,2025-12-26 00:00,EVS (CO2-baited),Successful,Valid,Officer C,,data_generator,2025-12-26
EVT-01718,TRP-005,ST-005,2025-26,2025-12-31 00:00,2026-01-02 00:00,EVS (CO2-baited),Successful,Valid,Officer B,,data_generator,2026-01-02
EVT-01719,TRP-005,ST-005,2025-26,2026-01-07 00:00,2026-01-09 00:00,EVS (CO2-baited),Successful,Valid,Officer A,,data_generator,2026-01-09
EVT-01720,TRP-005,ST-005,2025-26,2026-01-14 00:00,2026-01-16 00:00,EVS (CO2-baited),Successful,Valid,Officer F,,data_generator,2026-01-16
EVT-01721,TRP-005,ST-005,2025-26,2026-01-21 00:00,2026-01-23 00:00,EVS (CO2-baited),Successful,Valid,Officer C,,data_generator,2026-01-23
EVT-01722,TRP-005,ST-005,2025-26,2026-01-28 00:00,2026-01-30 00:00,EVS (CO2-baited),Partial,Valid,Officer D,,data_generator,2026-01-30
EVT-01723,TRP-006,ST-006,2025-26,2025-10-01 00:00,2025-10-03 00:00,BG-Sentinel,Successful,Valid,Officer E,,data_generator,2025-10-03
EVT-01724,TRP-006,ST-006,2025-26,2025-10-08 00:00,2025-10-10 00:00,BG-Sentinel,Successful,Valid,Officer C,,data_generator,2025-10-10
EVT-01725,TRP-006,ST-006,2025-26,2025-10-15 00:00,2025-10-17 00:00,BG-Sentinel,Successful,Valid,Officer D,,data_generator,2025-10-17
EVT-01726,TRP-006,ST-006,2025-26,2025-10-22 00:00,2025-10-24 00:00,BG-Sentinel,Successful,Valid,Officer E,,data_generator,2025-10-24
EVT-01727,TRP-006,ST-006,2025-26,2025-10-29 00:00,2025-10-31 00:00,BG-Sentinel,Successful,Valid,Officer F,,data_generator,2025-10-31
EVT-01728,TRP-006,ST-006,2025-26,2025-11-05 00:00,2025-11-07 00:00,BG-Sentinel,Successful,Valid,Officer E,,data_generator,2025-11-07
EVT-01729,TRP-006,ST-006,2025-26,2025-11-12 00:00,2025-11-14 00:00,BG-Sentinel,Successful,Valid,Officer B,,data_generator,2025-11-14
EVT-01730,TRP-006,ST-006,2025-26,2025-11-19 00:00,2025-11-21 00:00,BG-Sentinel,Successful,Valid,Officer D,,data_generator,2025-11-21
EVT-01731,TRP-006,ST-006,2025-26,2025-11-26 00:00,2025-11-28 00:00,BG-Sentinel,Successful,Valid,Officer D,,data_generator,2025-11-28
EVT-01732,TRP-006,ST-006,2025-26,2025-12-03 00:00,2025-12-05 00:00,BG-Sentinel,Successful,Valid,Officer C,,data_generator,2025-12-05
EVT-01733,TRP-006,ST-006,2025-26,2025-12-10 00:00,2025-12-12 00:00,BG-Sentinel,Successful,Valid,Officer A,,data_generator,2025-12-12
EVT-01734,TRP-006,ST-006,2025-26,2025-12-17 00:00,2025-12-19 00:00,BG-Sentinel,Successful,Valid,Officer E,,data_generator,2025-12-19
EVT-01735,TRP-006,ST-006,2025-26,2025-12-24 00:00,2025-12-26 00:00,BG-Sentinel,Successful,Valid,Officer B,,data_generator,2025-12-26
EVT-01736,TRP-006,ST-006,2025-26,2025-12-31 00:00,2026-01-02 00:00,BG-Sentinel,Successful,Valid,Officer C,,data_generator,2026-01-02
EVT-01737,TRP-006,ST-006,2025-26,2026-01-07 00:00,2026-01-09 00:00,BG-Sentinel,Successful,Valid,Officer B,,data_generator,2026-01-09
EVT-01738,TRP-006,ST-006,2025-26,2026-01-14 00:00,2026-01-16 00:00,BG-Sentinel,Successful,Valid,Officer F,,data_generator,2026-01-16
EVT-01739,TRP-006,ST-006,2025-26,2026-01-21 00:00,2026-01-23 00:00,BG-Sentinel,Successful,Valid,Officer E,,data_generator,2026-01-23
EVT-01740,TRP-006,ST-006,2025-26,2026-01-28 00:00,2026-01-30 00:00,BG-Sentinel,Successful,Valid,Officer E,,data_generator,2026-01-30
EVT-01741,TRP-007,ST-007,2025-26,2025-10-01 00:00,2025-10-03 00:00,CDC Light Trap,Successful,Valid,Officer A,,data_generator,2025-10-03
EVT-01742,TRP-007,ST-007,2025-26,2025-10-08 00:00,2025-10-10 00:00,CDC Light Trap,Successful,Valid,Officer B,,data_generator,2025-10-10
EVT-01743,TRP-007,ST-007,2025-26,2025-10-15 00:00,2025-10-17 00:00,CDC Light Trap,Successful,Valid,Officer F,,data_generator,2025-10-17
EVT-01744,TRP-007,ST-007,2025-26,2025-10-22 00:00,2025-10-24 00:00,CDC Light Trap,Successful,Valid,Officer D,,data_generator,2025-10-24
EVT-01745,TRP-007,ST-007,2025-26,2025-10-29 00:00,2025-10-31 00:00,CDC Light Trap,Missing,N/A,Officer C,,data_generator,2025-10-31
EVT-01746,TRP-007,ST-007,2025-26,2025-11-05 00:00,2025-11-07 00:00,CDC Light Trap,Successful,Valid,Officer D,,data_generator,2025-11-07
EVT-01747,TRP-007,ST-007,2025-26,2025-11-12 00:00,2025-11-14 00:00,CDC Light Trap,Successful,Valid,Officer E,,data_generator,2025-11-14
EVT-01748,TRP-007,ST-007,2025-26,2025-11-19 00:00,2025-11-21 00:00,CDC Light Trap,Successful,Valid,Officer E,,data_generator,2025-11-21
EVT-01749,TRP-007,ST-007,2025-26,2025-11-26 00:00,2025-11-28 00:00,CDC Light Trap,Failed - Equipment/Battery,Invalid,Officer D,,data_generator,2025-11-28
EVT-01750,TRP-007,ST-007,2025-26,2025-12-03 00:00,2025-12-05 00:00,CDC Light Trap,Successful,Valid,Officer A,,data_generator,2025-12-05
EVT-01751,TRP-007,ST-007,2025-26,2025-12-10 00:00,2025-12-12 00:00,CDC Light Trap,Successful,Valid,Officer C,,data_generator,2025-12-12
EVT-01752,TRP-007,ST-007,2025-26,2025-12-17 00:00,2025-12-19 00:00,CDC Light Trap,Successful,Valid,Officer A,,data_generator,2025-12-19
EVT-01753,TRP-007,ST-007,2025-26,2025-12-24 00:00,2025-12-26 00:00,CDC Light Trap,Successful,Valid,Officer F,,data_generator,2025-12-26
EVT-01754,TRP-007,ST-007,2025-26,2025-12-31 00:00,2026-01-02 00:00,CDC Light Trap,Successful,Valid,Officer A,,data_generator,2026-01-02
EVT-01755,TRP-007,ST-007,2025-26,2026-01-07 00:00,2026-01-09 00:00,CDC Light Trap,Successful,Valid,Officer B,,data_generator,2026-01-09
EVT-01756,TRP-007,ST-007,2025-26,2026-01-14 00:00,2026-01-16 00:00,CDC Light Trap,Successful,Valid,Officer B,,data_generator,2026-01-16
EVT-01757,TRP-007,ST-007,2025-26,2026-01-21 00:00,2026-01-23 00:00,CDC Light Trap,Successful,Valid,Officer F,,data_generator,2026-01-23
EVT-01758,TRP-007,ST-007,2025-26,2026-01-28 00:00,2026-01-30 00:00,CDC Light Trap,Successful,Valid,Officer E,,data_generator,2026-01-30
EVT-01759,TRP-008,ST-008,2025-26,2025-10-01 00:00,2025-10-03 00:00,Gravid Trap,Successful,Valid,Officer F,,data_generator,2025-10-03
EVT-01760,TRP-008,ST-008,2025-26,2025-10-08 00:00,2025-10-10 00:00,Gravid Trap,Successful,Valid,Officer C,,data_generator,2025-10-10
EVT-01761,TRP-008,ST-008,2025-26,2025-10-15 00:00,2025-10-17 00:00,Gravid Trap,Successful,Valid,Officer B,,data_generator,2025-10-17
EVT-01762,TRP-008,ST-008,2025-26,2025-10-22 00:00,2025-10-24 00:00,Gravid Trap,Successful,Valid,Officer A,,data_generator,2025-10-24
EVT-01763,TRP-008,ST-008,2025-26,2025-10-29 00:00,2025-10-31 00:00,Gravid Trap,Successful,Valid,Officer E,,data_generator,2025-10-31
EVT-01764,TRP-008,ST-008,2025-26,2025-11-05 00:00,2025-11-07 00:00,Gravid Trap,Successful,Valid,Officer A,,data_generator,2025-11-07
EVT-01765,TRP-008,ST-008,2025-26,2025-11-12 00:00,2025-11-14 00:00,Gravid Trap,Successful,Valid,Officer A,,data_generator,2025-11-14
EVT-01766,TRP-008,ST-008,2025-26,2025-11-19 00:00,2025-11-21 00:00,Gravid Trap,Successful,Valid,Officer D,,data_generator,2025-11-21
EVT-01767,TRP-008,ST-008,2025-26,2025-11-26 00:00,2025-11-28 00:00,Gravid Trap,Successful,Valid,Officer F,,data_generator,2025-11-28
EVT-01768,TRP-008,ST-008,2025-26,2025-12-03 00:00,2025-12-05 00:00,Gravid Trap,Successful,Valid,Officer F,,data_generator,2025-12-05
EVT-01769,TRP-008,ST-008,2025-26,2025-12-10 00:00,2025-12-12 00:00,Gravid Trap,Successful,Valid,Officer A,,data_generator,2025-12-12
EVT-01770,TRP-008,ST-008,2025-26,2025-12-17 00:00,2025-12-19 00:00,Gravid Trap,Successful,Valid,Officer A,,data_generator,2025-12-19
EVT-01771,TRP-008,ST-008,2025-26,2025-12-24 00:00,2025-12-26 00:00,Gravid Trap,Missing,N/A,Officer D,,data_generator,2025-12-26
EVT-01772,TRP-008,ST-008,2025-26,2025-12-31 00:00,2026-01-02 00:00,Gravid Trap,Missing,N/A,Officer A,,data_generator,2026-01-02
EVT-01773,TRP-008,ST-008,2025-26,2026-01-07 00:00,2026-01-09 00:00,Gravid Trap,Successful,Valid,Officer A,,data_generator,2026-01-09
EVT-01774,TRP-008,ST-008,2025-26,2026-01-14 00:00,2026-01-16 00:00,Gravid Trap,Successful,Valid,Officer D,,data_generator,2026-01-16
EVT-01775,TRP-008,ST-008,2025-26,2026-01-21 00:00,2026-01-23 00:00,Gravid Trap,Failed - Equipment/Battery,Invalid,Officer A,,data_generator,2026-01-23
EVT-01776,TRP-008,ST-008,2025-26,2026-01-28 00:00,2026-01-30 00:00,Gravid Trap,Successful,Valid,Officer B,,data_generator,2026-01-30
EVT-01777,TRP-009,ST-009,2025-26,2025-10-01 00:00,2025-10-03 00:00,BG-Sentinel,Successful,Valid,Officer A,,data_generator,2025-10-03
EVT-01778,TRP-009,ST-009,2025-26,2025-10-08 00:00,2025-10-10 00:00,BG-Sentinel,Successful,Valid,Officer F,,data_generator,2025-10-10
EVT-01779,TRP-009,ST-009,2025-26,2025-10-15 00:00,2025-10-17 00:00,BG-Sentinel,Successful,Valid,Officer E,,data_generator,2025-10-17
EVT-01780,TRP-009,ST-009,2025-26,2025-10-22 00:00,2025-10-24 00:00,BG-Sentinel,Successful,Valid,Officer F,,data_generator,2025-10-24
EVT-01781,TRP-009,ST-009,2025-26,2025-10-29 00:00,2025-10-31 00:00,BG-Sentinel,Successful,Valid,Officer B,,data_generator,2025-10-31
EVT-01782,TRP-009,ST-009,2025-26,2025-11-05 00:00,2025-11-07 00:00,BG-Sentinel,Successful,Valid,Officer B,,data_generator,2025-11-07
EVT-01783,TRP-009,ST-009,2025-26,2025-11-12 00:00,2025-11-14 00:00,BG-Sentinel,Successful,Valid,Officer B,,data_generator,2025-11-14
EVT-01784,TRP-009,ST-009,2025-26,2025-11-19 00:00,2025-11-21 00:00,BG-Sentinel,Successful,Valid,Officer E,,data_generator,2025-11-21
EVT-01785,TRP-009,ST-009,2025-26,2025-11-26 00:00,2025-11-28 00:00,BG-Sentinel,Successful,Valid,Officer E,,data_generator,2025-11-28
EVT-01786,TRP-009,ST-009,2025-26,2025-12-03 00:00,2025-12-05 00:00,BG-Sentinel,Failed - Equipment/Battery,Invalid,Officer F,,data_generator,2025-12-05
EVT-01787,TRP-009,ST-009,2025-26,2025-12-10 00:00,2025-12-12 00:00,BG-Sentinel,Successful,Valid,Officer F,,data_generator,2025-12-12
EVT-01788,TRP-009,ST-009,2025-26,2025-12-17 00:00,2025-12-19 00:00,BG-Sentinel,Successful,Valid,Officer F,,data_generator,2025-12-19
EVT-01789,TRP-009,ST-009,2025-26,2025-12-24 00:00,2025-12-26 00:00,BG-Sentinel,Successful,Valid,Officer B,,data_generator,2025-12-26
EVT-01790,TRP-009,ST-009,2025-26,2025-12-31 00:00,2026-01-02 00:00,BG-Sentinel,Successful,Valid,Officer B,,data_generator,2026-01-02
EVT-01791,TRP-009,ST-009,2025-26,2026-01-07 00:00,2026-01-09 00:00,BG-Sentinel,Successful,Valid,Officer E,,data_generator,2026-01-09
EVT-01792,TRP-009,ST-009,2025-26,2026-01-14 00:00,2026-01-16 00:00,BG-Sentinel,Successful,Valid,Officer E,,data_generator,2026-01-16
EVT-01793,TRP-009,ST-009,2025-26,2026-01-21 00:00,2026-01-23 00:00,BG-Sentinel,Successful,Valid,Officer C,,data_generator,2026-01-23
EVT-01794,TRP-009,ST-009,2025-26,2026-01-28 00:00,2026-01-30 00:00,BG-Sentinel,Successful,Valid,Officer E,,data_generator,2026-01-30
EVT-01795,TRP-010,ST-010,2025-26,2025-10-01 00:00,2025-10-03 00:00,CDC Light Trap,Missing,N/A,Officer C,,data_generator,2025-10-03
EVT-01796,TRP-010,ST-010,2025-26,2025-10-08 00:00,2025-10-10 00:00,CDC Light Trap,Successful,Valid,Officer D,,data_generator,2025-10-10
EVT-01797,TRP-010,ST-010,2025-26,2025-10-15 00:00,2025-10-17 00:00,CDC Light Trap,Successful,Valid,Officer D,,data_generator,2025-10-17
EVT-01798,TRP-010,ST-010,2025-26,2025-10-22 00:00,2025-10-24 00:00,CDC Light Trap,Successful,Valid,Officer B,,data_generator,2025-10-24
EVT-01799,TRP-010,ST-010,2025-26,2025-10-29 00:00,2025-10-31 00:00,CDC Light Trap,Successful,Valid,Officer C,,data_generator,2025-10-31
EVT-01800,TRP-010,ST-010,2025-26,2025-11-05 00:00,2025-11-07 00:00,CDC Light Trap,Successful,Valid,Officer F,,data_generator,2025-11-07
EVT-01801,TRP-010,ST-010,2025-26,2025-11-12 00:00,2025-11-14 00:00,CDC Light Trap,Missing,N/A,Officer D,,data_generator,2025-11-14
EVT-01802,TRP-010,ST-010,2025-26,2025-11-19 00:00,2025-11-21 00:00,CDC Light Trap,Successful,Valid,Officer C,,data_generator,2025-11-21
EVT-01803,TRP-010,ST-010,2025-26,2025-11-26 00:00,2025-11-28 00:00,CDC Light Trap,Successful,Valid,Officer C,,data_generator,2025-11-28
EVT-01804,TRP-010,ST-010,2025-26,2025-12-03 00:00,2025-12-05 00:00,CDC Light Trap,Successful,Valid,Officer E,,data_generator,2025-12-05
EVT-01805,TRP-010,ST-010,2025-26,2025-12-10 00:00,2025-12-12 00:00,CDC Light Trap,Successful,Valid,Officer E,,data_generator,2025-12-12
EVT-01806,TRP-010,ST-010,2025-26,2025-12-17 00:00,2025-12-19 00:00,CDC Light Trap,Missing,N/A,Officer C,,data_generator,2025-12-19
EVT-01807,TRP-010,ST-010,2025-26,2025-12-24 00:00,2025-12-26 00:00,CDC Light Trap,Successful,Valid,Officer D,,data_generator,2025-12-26
EVT-01808,TRP-010,ST-010,2025-26,2025-12-31 00:00,2026-01-02 00:00,CDC Light Trap,Successful,Valid,Officer C,,data_generator,2026-01-02
EVT-01809,TRP-010,ST-010,2025-26,2026-01-07 00:00,2026-01-09 00:00,CDC Light Trap,Successful,Valid,Officer D,,data_generator,2026-01-09
EVT-01810,TRP-010,ST-010,2025-26,2026-01-14 00:00,2026-01-16 00:00,CDC Light Trap,Successful,Valid,Officer A,,data_generator,2026-01-16
EVT-01811,TRP-010,ST-010,2025-26,2026-01-21 00:00,2026-01-23 00:00,CDC Light Trap,Successful,Valid,Officer C,,data_generator,2026-01-23
EVT-01812,TRP-010,ST-010,2025-26,2026-01-28 00:00,2026-01-30 00:00,CDC Light Trap,Successful,Valid,Officer E,,data_generator,2026-01-30
EVT-01813,TRP-011,ST-010,2025-26,2025-10-01 00:00,2025-10-03 00:00,EVS (CO2-baited),Successful,Valid,Officer E,,data_generator,2025-10-03
EVT-01814,TRP-011,ST-010,2025-26,2025-10-08 00:00,2025-10-10 00:00,EVS (CO2-baited),Successful,Valid,Officer D,,data_generator,2025-10-10
EVT-01815,TRP-011,ST-010,2025-26,2025-10-15 00:00,2025-10-17 00:00,EVS (CO2-baited),Successful,Valid,Officer E,,data_generator,2025-10-17
EVT-01816,TRP-011,ST-010,2025-26,2025-10-22 00:00,2025-10-24 00:00,EVS (CO2-baited),Successful,Valid,Officer A,,data_generator,2025-10-24
EVT-01817,TRP-011,ST-010,2025-26,2025-10-29 00:00,2025-10-31 00:00,EVS (CO2-baited),Successful,Valid,Officer E,,data_generator,2025-10-31
EVT-01818,TRP-011,ST-010,2025-26,2025-11-05 00:00,2025-11-07 00:00,EVS (CO2-baited),Successful,Valid,Officer D,,data_generator,2025-11-07
EVT-01819,TRP-011,ST-010,2025-26,2025-11-12 00:00,2025-11-14 00:00,EVS (CO2-baited),Successful,Valid,Officer A,,data_generator,2025-11-14
EVT-01820,TRP-011,ST-010,2025-26,2025-11-19 00:00,2025-11-21 00:00,EVS (CO2-baited),Successful,Valid,Officer F,,data_generator,2025-11-21
EVT-01821,TRP-011,ST-010,2025-26,2025-11-26 00:00,2025-11-28 00:00,EVS (CO2-baited),Successful,Valid,Officer A,,data_generator,2025-11-28
EVT-01822,TRP-011,ST-010,2025-26,2025-12-03 00:00,2025-12-05 00:00,EVS (CO2-baited),Successful,Valid,Officer E,,data_generator,2025-12-05
EVT-01823,TRP-011,ST-010,2025-26,2025-12-10 00:00,2025-12-12 00:00,EVS (CO2-baited),Successful,Valid,Officer C,,data_generator,2025-12-12
EVT-01824,TRP-011,ST-010,2025-26,2025-12-17 00:00,2025-12-19 00:00,EVS (CO2-baited),Successful,Valid,Officer D,,data_generator,2025-12-19
EVT-01825,TRP-011,ST-010,2025-26,2025-12-24 00:00,2025-12-26 00:00,EVS (CO2-baited),Successful,Valid,Officer C,,data_generator,2025-12-26
EVT-01826,TRP-011,ST-010,2025-26,2025-12-31 00:00,2026-01-02 00:00,EVS (CO2-baited),Successful,Valid,Officer E,,data_generator,2026-01-02
EVT-01827,TRP-011,ST-010,2025-26,2026-01-07 00:00,2026-01-09 00:00,EVS (CO2-baited),Successful,Valid,Officer E,,data_generator,2026-01-09
EVT-01828,TRP-011,ST-010,2025-26,2026-01-14 00:00,2026-01-16 00:00,EVS (CO2-baited),Successful,Valid,Officer F,,data_generator,2026-01-16
EVT-01829,TRP-011,ST-010,2025-26,2026-01-21 00:00,2026-01-23 00:00,EVS (CO2-baited),Successful,Valid,Officer E,,data_generator,2026-01-23
EVT-01830,TRP-011,ST-010,2025-26,2026-01-28 00:00,2026-01-30 00:00,EVS (CO2-baited),Successful,Valid,Officer F,,data_generator,2026-01-30
EVT-01831,TRP-012,ST-011,2025-26,2025-10-01 00:00,2025-10-03 00:00,EVS (CO2-baited),Successful,Valid,Officer F,,data_generator,2025-10-03
EVT-01832,TRP-012,ST-011,2025-26,2025-10-08 00:00,2025-10-10 00:00,EVS (CO2-baited),Successful,Valid,Officer D,,data_generator,2025-10-10
EVT-01833,TRP-012,ST-011,2025-26,2025-10-15 00:00,2025-10-17 00:00,EVS (CO2-baited),Partial,Valid,Officer C,,data_generator,2025-10-17
EVT-01834,TRP-012,ST-011,2025-26,2025-10-22 00:00,2025-10-24 00:00,EVS (CO2-baited),Successful,Valid,Officer A,,data_generator,2025-10-24
EVT-01835,TRP-012,ST-011,2025-26,2025-10-29 00:00,2025-10-31 00:00,EVS (CO2-baited),Successful,Valid,Officer A,,data_generator,2025-10-31
EVT-01836,TRP-012,ST-011,2025-26,2025-11-05 00:00,2025-11-07 00:00,EVS (CO2-baited),Successful,Valid,Officer B,,data_generator,2025-11-07
EVT-01837,TRP-012,ST-011,2025-26,2025-11-12 00:00,2025-11-14 00:00,EVS (CO2-baited),Successful,Valid,Officer B,,data_generator,2025-11-14
EVT-01838,TRP-012,ST-011,2025-26,2025-11-19 00:00,2025-11-21 00:00,EVS (CO2-baited),Successful,Valid,Officer E,,data_generator,2025-11-21
EVT-01839,TRP-012,ST-011,2025-26,2025-11-26 00:00,2025-11-28 00:00,EVS (CO2-baited),Successful,Valid,Officer E,,data_generator,2025-11-28
EVT-01840,TRP-012,ST-011,2025-26,2025-12-03 00:00,2025-12-05 00:00,EVS (CO2-baited),Failed - Equipment/Battery,Invalid,Officer C,,data_generator,2025-12-05
EVT-01841,TRP-012,ST-011,2025-26,2025-12-10 00:00,2025-12-12 00:00,EVS (CO2-baited),Successful,Valid,Officer C,,data_generator,2025-12-12
EVT-01842,TRP-012,ST-011,2025-26,2025-12-17 00:00,2025-12-19 00:00,EVS (CO2-baited),Successful,Valid,Officer F,,data_generator,2025-12-19
EVT-01843,TRP-012,ST-011,2025-26,2025-12-24 00:00,2025-12-26 00:00,EVS (CO2-baited),Missing,N/A,Officer D,,data_generator,2025-12-26
EVT-01844,TRP-012,ST-011,2025-26,2025-12-31 00:00,2026-01-02 00:00,EVS (CO2-baited),Successful,Valid,Officer D,,data_generator,2026-01-02
EVT-01845,TRP-012,ST-011,2025-26,2026-01-07 00:00,2026-01-09 00:00,EVS (CO2-baited),Successful,Valid,Officer C,,data_generator,2026-01-09
EVT-01846,TRP-012,ST-011,2025-26,2026-01-14 00:00,2026-01-16 00:00,EVS (CO2-baited),Successful,Valid,Officer E,,data_generator,2026-01-16
EVT-01847,TRP-012,ST-011,2025-26,2026-01-21 00:00,2026-01-23 00:00,EVS (CO2-baited),Failed - Equipment/Battery,Invalid,Officer D,,data_generator,2026-01-23
EVT-01848,TRP-012,ST-011,2025-26,2026-01-28 00:00,2026-01-30 00:00,EVS (CO2-baited),Successful,Valid,Officer F,,data_generator,2026-01-30
EVT-01849,TRP-013,ST-012,2025-26,2025-10-01 00:00,2025-10-03 00:00,CDC Light Trap,Successful,Valid,Officer F,,data_generator,2025-10-03
EVT-01850,TRP-013,ST-012,2025-26,2025-10-08 00:00,2025-10-10 00:00,CDC Light Trap,Successful,Valid,Officer C,,data_generator,2025-10-10
EVT-01851,TRP-013,ST-012,2025-26,2025-10-15 00:00,2025-10-17 00:00,CDC Light Trap,Successful,Valid,Officer B,,data_generator,2025-10-17
EVT-01852,TRP-013,ST-012,2025-26,2025-10-22 00:00,2025-10-24 00:00,CDC Light Trap,Successful,Valid,Officer F,,data_generator,2025-10-24
EVT-01853,TRP-013,ST-012,2025-26,2025-10-29 00:00,2025-10-31 00:00,CDC Light Trap,Successful,Valid,Officer F,,data_generator,2025-10-31
EVT-01854,TRP-013,ST-012,2025-26,2025-11-05 00:00,2025-11-07 00:00,CDC Light Trap,Partial,Valid,Officer E,,data_generator,2025-11-07
EVT-01855,TRP-013,ST-012,2025-26,2025-11-12 00:00,2025-11-14 00:00,CDC Light Trap,Successful,Valid,Officer A,,data_generator,2025-11-14
EVT-01856,TRP-013,ST-012,2025-26,2025-11-19 00:00,2025-11-21 00:00,CDC Light Trap,Successful,Valid,Officer A,,data_generator,2025-11-21
EVT-01857,TRP-013,ST-012,2025-26,2025-11-26 00:00,2025-11-28 00:00,CDC Light Trap,Successful,Valid,Officer F,,data_generator,2025-11-28
EVT-01858,TRP-013,ST-012,2025-26,2025-12-03 00:00,2025-12-05 00:00,CDC Light Trap,Successful,Valid,Officer B,,data_generator,2025-12-05
EVT-01859,TRP-013,ST-012,2025-26,2025-12-10 00:00,2025-12-12 00:00,CDC Light Trap,Successful,Valid,Officer A,,data_generator,2025-12-12
EVT-01860,TRP-013,ST-012,2025-26,2025-12-17 00:00,2025-12-19 00:00,CDC Light Trap,Successful,Valid,Officer B,,data_generator,2025-12-19
EVT-01861,TRP-013,ST-012,2025-26,2025-12-24 00:00,2025-12-26 00:00,CDC Light Trap,Successful,Valid,Officer F,,data_generator,2025-12-26
EVT-01862,TRP-013,ST-012,2025-26,2025-12-31 00:00,2026-01-02 00:00,CDC Light Trap,Successful,Valid,Officer E,,data_generator,2026-01-02
EVT-01863,TRP-013,ST-012,2025-26,2026-01-07 00:00,2026-01-09 00:00,CDC Light Trap,Successful,Valid,Officer E,,data_generator,2026-01-09
EVT-01864,TRP-013,ST-012,2025-26,2026-01-14 00:00,2026-01-16 00:00,CDC Light Trap,Successful,Valid,Officer F,,data_generator,2026-01-16
EVT-01865,TRP-013,ST-012,2025-26,2026-01-21 00:00,2026-01-23 00:00,CDC Light Trap,Successful,Valid,Officer F,,data_generator,2026-01-23
EVT-01866,TRP-013,ST-012,2025-26,2026-01-28 00:00,2026-01-30 00:00,CDC Light Trap,Successful,Valid,Officer D,,data_generator,2026-01-30
EVT-01867,TRP-014,ST-013,2025-26,2025-10-01 00:00,2025-10-03 00:00,Gravid Trap,Successful,Valid,Officer C,,data_generator,2025-10-03
EVT-01868,TRP-014,ST-013,2025-26,2025-10-08 00:00,2025-10-10 00:00,Gravid Trap,Successful,Valid,Officer B,,data_generator,2025-10-10
EVT-01869,TRP-014,ST-013,2025-26,2025-10-15 00:00,2025-10-17 00:00,Gravid Trap,Failed - Equipment/Battery,Invalid,Officer B,,data_generator,2025-10-17
EVT-01870,TRP-014,ST-013,2025-26,2025-10-22 00:00,2025-10-24 00:00,Gravid Trap,Successful,Valid,Officer D,,data_generator,2025-10-24
EVT-01871,TRP-014,ST-013,2025-26,2025-10-29 00:00,2025-10-31 00:00,Gravid Trap,Successful,Valid,Officer A,,data_generator,2025-10-31
EVT-01872,TRP-014,ST-013,2025-26,2025-11-05 00:00,2025-11-07 00:00,Gravid Trap,Successful,Valid,Officer F,,data_generator,2025-11-07
EVT-01873,TRP-014,ST-013,2025-26,2025-11-12 00:00,2025-11-14 00:00,Gravid Trap,Missing,N/A,Officer A,,data_generator,2025-11-14
EVT-01874,TRP-014,ST-013,2025-26,2025-11-19 00:00,2025-11-21 00:00,Gravid Trap,Successful,Valid,Officer C,,data_generator,2025-11-21
EVT-01875,TRP-014,ST-013,2025-26,2025-11-26 00:00,2025-11-28 00:00,Gravid Trap,Successful,Valid,Officer C,,data_generator,2025-11-28
EVT-01876,TRP-014,ST-013,2025-26,2025-12-03 00:00,2025-12-05 00:00,Gravid Trap,Successful,Valid,Officer B,,data_generator,2025-12-05
EVT-01877,TRP-014,ST-013,2025-26,2025-12-10 00:00,2025-12-12 00:00,Gravid Trap,Successful,Valid,Officer A,,data_generator,2025-12-12
EVT-01878,TRP-014,ST-013,2025-26,2025-12-17 00:00,2025-12-19 00:00,Gravid Trap,Successful,Valid,Officer C,,data_generator,2025-12-19
EVT-01879,TRP-014,ST-013,2025-26,2025-12-24 00:00,2025-12-26 00:00,Gravid Trap,Successful,Valid,Officer B,,data_generator,2025-12-26
EVT-01880,TRP-014,ST-013,2025-26,2025-12-31 00:00,2026-01-02 00:00,Gravid Trap,Successful,Valid,Officer E,,data_generator,2026-01-02
EVT-01881,TRP-014,ST-013,2025-26,2026-01-07 00:00,2026-01-09 00:00,Gravid Trap,Successful,Valid,Officer F,,data_generator,2026-01-09
EVT-01882,TRP-014,ST-013,2025-26,2026-01-14 00:00,2026-01-16 00:00,Gravid Trap,Missing,N/A,Officer A,,data_generator,2026-01-16
EVT-01883,TRP-014,ST-013,2025-26,2026-01-21 00:00,2026-01-23 00:00,Gravid Trap,Partial,Valid,Officer C,,data_generator,2026-01-23
EVT-01884,TRP-014,ST-013,2025-26,2026-01-28 00:00,2026-01-30 00:00,Gravid Trap,Successful,Valid,Officer B,,data_generator,2026-01-30
EVT-01885,TRP-015,ST-014,2025-26,2025-10-01 00:00,2025-10-03 00:00,CDC Light Trap,Successful,Valid,Officer F,,data_generator,2025-10-03
EVT-01886,TRP-015,ST-014,2025-26,2025-10-08 00:00,2025-10-10 00:00,CDC Light Trap,Successful,Valid,Officer A,,data_generator,2025-10-10
EVT-01887,TRP-015,ST-014,2025-26,2025-10-15 00:00,2025-10-17 00:00,CDC Light Trap,Successful,Valid,Officer B,,data_generator,2025-10-17
EVT-01888,TRP-015,ST-014,2025-26,2025-10-22 00:00,2025-10-24 00:00,CDC Light Trap,Successful,Valid,Officer B,,data_generator,2025-10-24
EVT-01889,TRP-015,ST-014,2025-26,2025-10-29 00:00,2025-10-31 00:00,CDC Light Trap,Successful,Valid,Officer A,,data_generator,2025-10-31
EVT-01890,TRP-015,ST-014,2025-26,2025-11-05 00:00,2025-11-07 00:00,CDC Light Trap,Successful,Valid,Officer C,,data_generator,2025-11-07
EVT-01891,TRP-015,ST-014,2025-26,2025-11-12 00:00,2025-11-14 00:00,CDC Light Trap,Successful,Valid,Officer F,,data_generator,2025-11-14
EVT-01892,TRP-015,ST-014,2025-26,2025-11-19 00:00,2025-11-21 00:00,CDC Light Trap,Successful,Valid,Officer B,,data_generator,2025-11-21
EVT-01893,TRP-015,ST-014,2025-26,2025-11-26 00:00,2025-11-28 00:00,CDC Light Trap,Successful,Valid,Officer E,,data_generator,2025-11-28
EVT-01894,TRP-015,ST-014,2025-26,2025-12-03 00:00,2025-12-05 00:00,CDC Light Trap,Successful,Valid,Officer D,,data_generator,2025-12-05
EVT-01895,TRP-015,ST-014,2025-26,2025-12-10 00:00,2025-12-12 00:00,CDC Light Trap,Successful,Valid,Officer F,,data_generator,2025-12-12
EVT-01896,TRP-015,ST-014,2025-26,2025-12-17 00:00,2025-12-19 00:00,CDC Light Trap,Failed - Equipment/Battery,Invalid,Officer C,,data_generator,2025-12-19
EVT-01897,TRP-015,ST-014,2025-26,2025-12-24 00:00,2025-12-26 00:00,CDC Light Trap,Missing,N/A,Officer B,,data_generator,2025-12-26
EVT-01898,TRP-015,ST-014,2025-26,2025-12-31 00:00,2026-01-02 00:00,CDC Light Trap,Successful,Valid,Officer E,,data_generator,2026-01-02
EVT-01899,TRP-015,ST-014,2025-26,2026-01-07 00:00,2026-01-09 00:00,CDC Light Trap,Successful,Valid,Officer A,,data_generator,2026-01-09
EVT-01900,TRP-015,ST-014,2025-26,2026-01-14 00:00,2026-01-16 00:00,CDC Light Trap,Missing,N/A,Officer F,,data_generator,2026-01-16
EVT-01901,TRP-015,ST-014,2025-26,2026-01-21 00:00,2026-01-23 00:00,CDC Light Trap,Successful,Valid,Officer D,,data_generator,2026-01-23
EVT-01902,TRP-015,ST-014,2025-26,2026-01-28 00:00,2026-01-30 00:00,CDC Light Trap,Successful,Valid,Officer B,,data_generator,2026-01-30
EVT-01903,TRP-016,ST-014,2025-26,2025-10-01 00:00,2025-10-03 00:00,EVS (CO2-baited),Successful,Valid,Officer F,,data_generator,2025-10-03
EVT-01904,TRP-016,ST-014,2025-26,2025-10-08 00:00,2025-10-10 00:00,EVS (CO2-baited),Successful,Valid,Officer C,,data_generator,2025-10-10
EVT-01905,TRP-016,ST-014,2025-26,2025-10-15 00:00,2025-10-17 00:00,EVS (CO2-baited),Successful,Valid,Officer E,,data_generator,2025-10-17
EVT-01906,TRP-016,ST-014,2025-26,2025-10-22 00:00,2025-10-24 00:00,EVS (CO2-baited),Successful,Valid,Officer F,,data_generator,2025-10-24
EVT-01907,TRP-016,ST-014,2025-26,2025-10-29 00:00,2025-10-31 00:00,EVS (CO2-baited),Successful,Valid,Officer A,,data_generator,2025-10-31
EVT-01908,TRP-016,ST-014,2025-26,2025-11-05 00:00,2025-11-07 00:00,EVS (CO2-baited),Successful,Valid,Officer E,,data_generator,2025-11-07
EVT-01909,TRP-016,ST-014,2025-26,2025-11-12 00:00,2025-11-14 00:00,EVS (CO2-baited),Successful,Valid,Officer E,,data_generator,2025-11-14
EVT-01910,TRP-016,ST-014,2025-26,2025-11-19 00:00,2025-11-21 00:00,EVS (CO2-baited),Successful,Valid,Officer B,,data_generator,2025-11-21
EVT-01911,TRP-016,ST-014,2025-26,2025-11-26 00:00,2025-11-28 00:00,EVS (CO2-baited),Successful,Valid,Officer B,,data_generator,2025-11-28
EVT-01912,TRP-016,ST-014,2025-26,2025-12-03 00:00,2025-12-05 00:00,EVS (CO2-baited),Successful,Valid,Officer E,,data_generator,2025-12-05
EVT-01913,TRP-016,ST-014,2025-26,2025-12-10 00:00,2025-12-12 00:00,EVS (CO2-baited),Successful,Valid,Officer B,,data_generator,2025-12-12
EVT-01914,TRP-016,ST-014,2025-26,2025-12-17 00:00,2025-12-19 00:00,EVS (CO2-baited),Successful,Valid,Officer F,,data_generator,2025-12-19
EVT-01915,TRP-016,ST-014,2025-26,2025-12-24 00:00,2025-12-26 00:00,EVS (CO2-baited),Successful,Valid,Officer A,,data_generator,2025-12-26
EVT-01916,TRP-016,ST-014,2025-26,2025-12-31 00:00,2026-01-02 00:00,EVS (CO2-baited),Failed - Equipment/Battery,Invalid,Officer E,,data_generator,2026-01-02
EVT-01917,TRP-016,ST-014,2025-26,2026-01-07 00:00,2026-01-09 00:00,EVS (CO2-baited),Successful,Valid,Officer B,,data_generator,2026-01-09
EVT-01918,TRP-016,ST-014,2025-26,2026-01-14 00:00,2026-01-16 00:00,EVS (CO2-baited),Successful,Valid,Officer A,,data_generator,2026-01-16
EVT-01919,TRP-016,ST-014,2025-26,2026-01-21 00:00,2026-01-23 00:00,EVS (CO2-baited),Successful,Valid,Officer A,,data_generator,2026-01-23
EVT-01920,TRP-016,ST-014,2025-26,2026-01-28 00:00,2026-01-30 00:00,EVS (CO2-baited),Failed - Equipment/Battery,Invalid,Officer E,,data_generator,2026-01-30
EVT-01921,TRP-017,ST-015,2025-26,2025-10-01 00:00,2025-10-03 00:00,CDC Light Trap,Missing,N/A,Officer F,,data_generator,2025-10-03
EVT-01922,TRP-017,ST-015,2025-26,2025-10-08 00:00,2025-10-10 00:00,CDC Light Trap,Successful,Valid,Officer D,,data_generator,2025-10-10
EVT-01923,TRP-017,ST-015,2025-26,2025-10-15 00:00,2025-10-17 00:00,CDC Light Trap,Successful,Valid,Officer B,,data_generator,2025-10-17
EVT-01924,TRP-017,ST-015,2025-26,2025-10-22 00:00,2025-10-24 00:00,CDC Light Trap,Successful,Valid,Officer B,,data_generator,2025-10-24
EVT-01925,TRP-017,ST-015,2025-26,2025-10-29 00:00,2025-10-31 00:00,CDC Light Trap,Partial,Valid,Officer E,,data_generator,2025-10-31
EVT-01926,TRP-017,ST-015,2025-26,2025-11-05 00:00,2025-11-07 00:00,CDC Light Trap,Successful,Valid,Officer B,,data_generator,2025-11-07
EVT-01927,TRP-017,ST-015,2025-26,2025-11-12 00:00,2025-11-14 00:00,CDC Light Trap,Successful,Valid,Officer A,,data_generator,2025-11-14
EVT-01928,TRP-017,ST-015,2025-26,2025-11-19 00:00,2025-11-21 00:00,CDC Light Trap,Successful,Valid,Officer E,,data_generator,2025-11-21
EVT-01929,TRP-017,ST-015,2025-26,2025-11-26 00:00,2025-11-28 00:00,CDC Light Trap,Successful,Valid,Officer B,,data_generator,2025-11-28
EVT-01930,TRP-017,ST-015,2025-26,2025-12-03 00:00,2025-12-05 00:00,CDC Light Trap,Successful,Valid,Officer A,,data_generator,2025-12-05
EVT-01931,TRP-017,ST-015,2025-26,2025-12-10 00:00,2025-12-12 00:00,CDC Light Trap,Successful,Valid,Officer D,,data_generator,2025-12-12
EVT-01932,TRP-017,ST-015,2025-26,2025-12-17 00:00,2025-12-19 00:00,CDC Light Trap,Successful,Valid,Officer B,,data_generator,2025-12-19
EVT-01933,TRP-017,ST-015,2025-26,2025-12-24 00:00,2025-12-26 00:00,CDC Light Trap,Successful,Valid,Officer F,,data_generator,2025-12-26
EVT-01934,TRP-017,ST-015,2025-26,2025-12-31 00:00,2026-01-02 00:00,CDC Light Trap,Successful,Valid,Officer F,,data_generator,2026-01-02
EVT-01935,TRP-017,ST-015,2025-26,2026-01-07 00:00,2026-01-09 00:00,CDC Light Trap,Successful,Valid,Officer C,,data_generator,2026-01-09
EVT-01936,TRP-017,ST-015,2025-26,2026-01-14 00:00,2026-01-16 00:00,CDC Light Trap,Successful,Valid,Officer E,,data_generator,2026-01-16
EVT-01937,TRP-017,ST-015,2025-26,2026-01-21 00:00,2026-01-23 00:00,CDC Light Trap,Successful,Valid,Officer F,,data_generator,2026-01-23
EVT-01938,TRP-017,ST-015,2025-26,2026-01-28 00:00,2026-01-30 00:00,CDC Light Trap,Successful,Valid,Officer D,,data_generator,2026-01-30
EVT-01939,TRP-018,ST-016,2025-26,2025-10-01 00:00,2025-10-03 00:00,CDC Light Trap,Successful,Valid,Officer D,,data_generator,2025-10-03
EVT-01940,TRP-018,ST-016,2025-26,2025-10-08 00:00,2025-10-10 00:00,CDC Light Trap,Successful,Valid,Officer A,,data_generator,2025-10-10
EVT-01941,TRP-018,ST-016,2025-26,2025-10-15 00:00,2025-10-17 00:00,CDC Light Trap,Successful,Valid,Officer D,,data_generator,2025-10-17
EVT-01942,TRP-018,ST-016,2025-26,2025-10-22 00:00,2025-10-24 00:00,CDC Light Trap,Successful,Valid,Officer A,,data_generator,2025-10-24
EVT-01943,TRP-018,ST-016,2025-26,2025-10-29 00:00,2025-10-31 00:00,CDC Light Trap,Successful,Valid,Officer D,,data_generator,2025-10-31
EVT-01944,TRP-018,ST-016,2025-26,2025-11-05 00:00,2025-11-07 00:00,CDC Light Trap,Successful,Valid,Officer F,,data_generator,2025-11-07
EVT-01945,TRP-018,ST-016,2025-26,2025-11-12 00:00,2025-11-14 00:00,CDC Light Trap,Successful,Valid,Officer E,,data_generator,2025-11-14
EVT-01946,TRP-018,ST-016,2025-26,2025-11-19 00:00,2025-11-21 00:00,CDC Light Trap,Successful,Valid,Officer C,,data_generator,2025-11-21
EVT-01947,TRP-018,ST-016,2025-26,2025-11-26 00:00,2025-11-28 00:00,CDC Light Trap,Failed - Equipment/Battery,Invalid,Officer B,,data_generator,2025-11-28
EVT-01948,TRP-018,ST-016,2025-26,2025-12-03 00:00,2025-12-05 00:00,CDC Light Trap,Successful,Valid,Officer A,,data_generator,2025-12-05
EVT-01949,TRP-018,ST-016,2025-26,2025-12-10 00:00,2025-12-12 00:00,CDC Light Trap,Successful,Valid,Officer C,,data_generator,2025-12-12
EVT-01950,TRP-018,ST-016,2025-26,2025-12-17 00:00,2025-12-19 00:00,CDC Light Trap,Failed - Equipment/Battery,Invalid,Officer C,,data_generator,2025-12-19
EVT-01951,TRP-018,ST-016,2025-26,2025-12-24 00:00,2025-12-26 00:00,CDC Light Trap,Successful,Valid,Officer D,,data_generator,2025-12-26
EVT-01952,TRP-018,ST-016,2025-26,2025-12-31 00:00,2026-01-02 00:00,CDC Light Trap,Successful,Valid,Officer A,,data_generator,2026-01-02
EVT-01953,TRP-018,ST-016,2025-26,2026-01-07 00:00,2026-01-09 00:00,CDC Light Trap,Successful,Valid,Officer F,,data_generator,2026-01-09
EVT-01954,TRP-018,ST-016,2025-26,2026-01-14 00:00,2026-01-16 00:00,CDC Light Trap,Successful,Valid,Officer D,,data_generator,2026-01-16
EVT-01955,TRP-018,ST-016,2025-26,2026-01-21 00:00,2026-01-23 00:00,CDC Light Trap,Successful,Valid,Officer B,,data_generator,2026-01-23
EVT-01956,TRP-018,ST-016,2025-26,2026-01-28 00:00,2026-01-30 00:00,CDC Light Trap,Successful,Valid,Officer F,,data_generator,2026-01-30
EVT-01957,TRP-019,ST-017,2025-26,2025-10-01 00:00,2025-10-03 00:00,CDC Light Trap,Successful,Valid,Officer D,,data_generator,2025-10-03
EVT-01958,TRP-019,ST-017,2025-26,2025-10-08 00:00,2025-10-10 00:00,CDC Light Trap,Partial,Valid,Officer C,,data_generator,2025-10-10
EVT-01959,TRP-019,ST-017,2025-26,2025-10-15 00:00,2025-10-17 00:00,CDC Light Trap,Successful,Valid,Officer B,,data_generator,2025-10-17
EVT-01960,TRP-019,ST-017,2025-26,2025-10-22 00:00,2025-10-24 00:00,CDC Light Trap,Successful,Valid,Officer F,,data_generator,2025-10-24
EVT-01961,TRP-019,ST-017,2025-26,2025-10-29 00:00,2025-10-31 00:00,CDC Light Trap,Successful,Valid,Officer A,,data_generator,2025-10-31
EVT-01962,TRP-019,ST-017,2025-26,2025-11-05 00:00,2025-11-07 00:00,CDC Light Trap,Successful,Valid,Officer C,,data_generator,2025-11-07
EVT-01963,TRP-019,ST-017,2025-26,2025-11-12 00:00,2025-11-14 00:00,CDC Light Trap,Successful,Valid,Officer F,,data_generator,2025-11-14
EVT-01964,TRP-019,ST-017,2025-26,2025-11-19 00:00,2025-11-21 00:00,CDC Light Trap,Missing,N/A,Officer F,,data_generator,2025-11-21
EVT-01965,TRP-019,ST-017,2025-26,2025-11-26 00:00,2025-11-28 00:00,CDC Light Trap,Failed - Equipment/Battery,Invalid,Officer D,,data_generator,2025-11-28
EVT-01966,TRP-019,ST-017,2025-26,2025-12-03 00:00,2025-12-05 00:00,CDC Light Trap,Successful,Valid,Officer C,,data_generator,2025-12-05
EVT-01967,TRP-019,ST-017,2025-26,2025-12-10 00:00,2025-12-12 00:00,CDC Light Trap,Successful,Valid,Officer A,,data_generator,2025-12-12
EVT-01968,TRP-019,ST-017,2025-26,2025-12-17 00:00,2025-12-19 00:00,CDC Light Trap,Successful,Valid,Officer E,,data_generator,2025-12-19
EVT-01969,TRP-019,ST-017,2025-26,2025-12-24 00:00,2025-12-26 00:00,CDC Light Trap,Successful,Valid,Officer C,,data_generator,2025-12-26
EVT-01970,TRP-019,ST-017,2025-26,2025-12-31 00:00,2026-01-02 00:00,CDC Light Trap,Partial,Valid,Officer C,,data_generator,2026-01-02
EVT-01971,TRP-019,ST-017,2025-26,2026-01-07 00:00,2026-01-09 00:00,CDC Light Trap,Partial,Valid,Officer B,,data_generator,2026-01-09
EVT-01972,TRP-019,ST-017,2025-26,2026-01-14 00:00,2026-01-16 00:00,CDC Light Trap,Successful,Valid,Officer A,,data_generator,2026-01-16
EVT-01973,TRP-019,ST-017,2025-26,2026-01-21 00:00,2026-01-23 00:00,CDC Light Trap,Successful,Valid,Officer B,,data_generator,2026-01-23
EVT-01974,TRP-019,ST-017,2025-26,2026-01-28 00:00,2026-01-30 00:00,CDC Light Trap,Successful,Valid,Officer A,,data_generator,2026-01-30
EVT-01975,TRP-020,ST-018,2025-26,2025-10-01 00:00,2025-10-03 00:00,CDC Light Trap,Successful,Valid,Officer C,,data_generator,2025-10-03
EVT-01976,TRP-020,ST-018,2025-26,2025-10-08 00:00,2025-10-10 00:00,CDC Light Trap,Successful,Valid,Officer B,,data_generator,2025-10-10
EVT-01977,TRP-020,ST-018,2025-26,2025-10-15 00:00,2025-10-17 00:00,CDC Light Trap,Successful,Valid,Officer C,,data_generator,2025-10-17
EVT-01978,TRP-020,ST-018,2025-26,2025-10-22 00:00,2025-10-24 00:00,CDC Light Trap,Successful,Valid,Officer A,,data_generator,2025-10-24
EVT-01979,TRP-020,ST-018,2025-26,2025-10-29 00:00,2025-10-31 00:00,CDC Light Trap,Successful,Valid,Officer E,,data_generator,2025-10-31
EVT-01980,TRP-020,ST-018,2025-26,2025-11-05 00:00,2025-11-07 00:00,CDC Light Trap,Successful,Valid,Officer B,,data_generator,2025-11-07
EVT-01981,TRP-020,ST-018,2025-26,2025-11-12 00:00,2025-11-14 00:00,CDC Light Trap,Missing,N/A,Officer D,,data_generator,2025-11-14
EVT-01982,TRP-020,ST-018,2025-26,2025-11-19 00:00,2025-11-21 00:00,CDC Light Trap,Successful,Valid,Officer D,,data_generator,2025-11-21
EVT-01983,TRP-020,ST-018,2025-26,2025-11-26 00:00,2025-11-28 00:00,CDC Light Trap,Successful,Valid,Officer E,,data_generator,2025-11-28
EVT-01984,TRP-020,ST-018,2025-26,2025-12-03 00:00,2025-12-05 00:00,CDC Light Trap,Successful,Valid,Officer F,,data_generator,2025-12-05
EVT-01985,TRP-020,ST-018,2025-26,2025-12-10 00:00,2025-12-12 00:00,CDC Light Trap,Successful,Valid,Officer A,,data_generator,2025-12-12
EVT-01986,TRP-020,ST-018,2025-26,2025-12-17 00:00,2025-12-19 00:00,CDC Light Trap,Successful,Valid,Officer A,,data_generator,2025-12-19
EVT-01987,TRP-020,ST-018,2025-26,2025-12-24 00:00,2025-12-26 00:00,CDC Light Trap,Successful,Valid,Officer C,,data_generator,2025-12-26
EVT-01988,TRP-020,ST-018,2025-26,2025-12-31 00:00,2026-01-02 00:00,CDC Light Trap,Successful,Valid,Officer B,,data_generator,2026-01-02
EVT-01989,TRP-020,ST-018,2025-26,2026-01-07 00:00,2026-01-09 00:00,CDC Light Trap,Successful,Valid,Officer E,,data_generator,2026-01-09
EVT-01990,TRP-020,ST-018,2025-26,2026-01-14 00:00,2026-01-16 00:00,CDC Light Trap,Successful,Valid,Officer A,,data_generator,2026-01-16
EVT-01991,TRP-020,ST-018,2025-26,2026-01-21 00:00,2026-01-23 00:00,CDC Light Trap,Successful,Valid,Officer E,,data_generator,2026-01-23
EVT-01992,TRP-020,ST-018,2025-26,2026-01-28 00:00,2026-01-30 00:00,CDC Light Trap,Missing,N/A,Officer E,,data_generator,2026-01-30
EVT-01993,TRP-021,ST-019,2025-26,2025-10-01 00:00,2025-10-03 00:00,EVS (CO2-baited),Successful,Valid,Officer F,,data_generator,2025-10-03
EVT-01994,TRP-021,ST-019,2025-26,2025-10-08 00:00,2025-10-10 00:00,EVS (CO2-baited),Partial,Valid,Officer B,,data_generator,2025-10-10
EVT-01995,TRP-021,ST-019,2025-26,2025-10-15 00:00,2025-10-17 00:00,EVS (CO2-baited),Successful,Valid,Officer C,,data_generator,2025-10-17
EVT-01996,TRP-021,ST-019,2025-26,2025-10-22 00:00,2025-10-24 00:00,EVS (CO2-baited),Successful,Valid,Officer E,,data_generator,2025-10-24
EVT-01997,TRP-021,ST-019,2025-26,2025-10-29 00:00,2025-10-31 00:00,EVS (CO2-baited),Successful,Valid,Officer A,,data_generator,2025-10-31
EVT-01998,TRP-021,ST-019,2025-26,2025-11-05 00:00,2025-11-07 00:00,EVS (CO2-baited),Successful,Valid,Officer D,,data_generator,2025-11-07
EVT-01999,TRP-021,ST-019,2025-26,2025-11-12 00:00,2025-11-14 00:00,EVS (CO2-baited),Successful,Valid,Officer E,,data_generator,2025-11-14
EVT-02000,TRP-021,ST-019,2025-26,2025-11-19 00:00,2025-11-21 00:00,EVS (CO2-baited),Successful,Valid,Officer C,,data_generator,2025-11-21
EVT-02001,TRP-021,ST-019,2025-26,2025-11-26 00:00,2025-11-28 00:00,EVS (CO2-baited),Successful,Valid,Officer D,,data_generator,2025-11-28
EVT-02002,TRP-021,ST-019,2025-26,2025-12-03 00:00,2025-12-05 00:00,EVS (CO2-baited),Successful,Valid,Officer E,,data_generator,2025-12-05
EVT-02003,TRP-021,ST-019,2025-26,2025-12-10 00:00,2025-12-12 00:00,EVS (CO2-baited),Successful,Valid,Officer B,,data_generator,2025-12-12
EVT-02004,TRP-021,ST-019,2025-26,2025-12-17 00:00,2025-12-19 00:00,EVS (CO2-baited),Successful,Valid,Officer E,,data_generator,2025-12-19
EVT-02005,TRP-021,ST-019,2025-26,2025-12-24 00:00,2025-12-26 00:00,EVS (CO2-baited),Successful,Valid,Officer E,,data_generator,2025-12-26
EVT-02006,TRP-021,ST-019,2025-26,2025-12-31 00:00,2026-01-02 00:00,EVS (CO2-baited),Successful,Valid,Officer C,,data_generator,2026-01-02
EVT-02007,TRP-021,ST-019,2025-26,2026-01-07 00:00,2026-01-09 00:00,EVS (CO2-baited),Successful,Valid,Officer B,,data_generator,2026-01-09
EVT-02008,TRP-021,ST-019,2025-26,2026-01-14 00:00,2026-01-16 00:00,EVS (CO2-baited),Successful,Valid,Officer C,,data_generator,2026-01-16
EVT-02009,TRP-021,ST-019,2025-26,2026-01-21 00:00,2026-01-23 00:00,EVS (CO2-baited),Successful,Valid,Officer F,,data_generator,2026-01-23
EVT-02010,TRP-021,ST-019,2025-26,2026-01-28 00:00,2026-01-30 00:00,EVS (CO2-baited),Partial,Valid,Officer C,,data_generator,2026-01-30
EVT-02011,TRP-022,ST-020,2025-26,2025-10-01 00:00,2025-10-03 00:00,EVS (CO2-baited),Successful,Valid,Officer F,,data_generator,2025-10-03
EVT-02012,TRP-022,ST-020,2025-26,2025-10-08 00:00,2025-10-10 00:00,EVS (CO2-baited),Successful,Valid,Officer A,,data_generator,2025-10-10
EVT-02013,TRP-022,ST-020,2025-26,2025-10-15 00:00,2025-10-17 00:00,EVS (CO2-baited),Successful,Valid,Officer A,,data_generator,2025-10-17
EVT-02014,TRP-022,ST-020,2025-26,2025-10-22 00:00,2025-10-24 00:00,EVS (CO2-baited),Successful,Valid,Officer B,,data_generator,2025-10-24
EVT-02015,TRP-022,ST-020,2025-26,2025-10-29 00:00,2025-10-31 00:00,EVS (CO2-baited),Successful,Valid,Officer F,,data_generator,2025-10-31
EVT-02016,TRP-022,ST-020,2025-26,2025-11-05 00:00,2025-11-07 00:00,EVS (CO2-baited),Successful,Valid,Officer C,,data_generator,2025-11-07
EVT-02017,TRP-022,ST-020,2025-26,2025-11-12 00:00,2025-11-14 00:00,EVS (CO2-baited),Missing,N/A,Officer F,,data_generator,2025-11-14
EVT-02018,TRP-022,ST-020,2025-26,2025-11-19 00:00,2025-11-21 00:00,EVS (CO2-baited),Successful,Valid,Officer A,,data_generator,2025-11-21
EVT-02019,TRP-022,ST-020,2025-26,2025-11-26 00:00,2025-11-28 00:00,EVS (CO2-baited),Missing,N/A,Officer D,,data_generator,2025-11-28
EVT-02020,TRP-022,ST-020,2025-26,2025-12-03 00:00,2025-12-05 00:00,EVS (CO2-baited),Successful,Valid,Officer C,,data_generator,2025-12-05
EVT-02021,TRP-022,ST-020,2025-26,2025-12-10 00:00,2025-12-12 00:00,EVS (CO2-baited),Successful,Valid,Officer C,,data_generator,2025-12-12
EVT-02022,TRP-022,ST-020,2025-26,2025-12-17 00:00,2025-12-19 00:00,EVS (CO2-baited),Successful,Valid,Officer D,,data_generator,2025-12-19
EVT-02023,TRP-022,ST-020,2025-26,2025-12-24 00:00,2025-12-26 00:00,EVS (CO2-baited),Successful,Valid,Officer D,,data_generator,2025-12-26
EVT-02024,TRP-022,ST-020,2025-26,2025-12-31 00:00,2026-01-02 00:00,EVS (CO2-baited),Successful,Valid,Officer B,,data_generator,2026-01-02
EVT-02025,TRP-022,ST-020,2025-26,2026-01-07 00:00,2026-01-09 00:00,EVS (CO2-baited),Successful,Valid,Officer F,,data_generator,2026-01-09
EVT-02026,TRP-022,ST-020,2025-26,2026-01-14 00:00,2026-01-16 00:00,EVS (CO2-baited),Successful,Valid,Officer D,,data_generator,2026-01-16
EVT-02027,TRP-022,ST-020,2025-26,2026-01-21 00:00,2026-01-23 00:00,EVS (CO2-baited),Successful,Valid,Officer B,,data_generator,2026-01-23
EVT-02028,TRP-022,ST-020,2025-26,2026-01-28 00:00,2026-01-30 00:00,EVS (CO2-baited),Successful,Valid,Officer D,,data_generator,2026-01-30
EVT-02029,TRP-023,ST-021,2025-26,2025-10-01 00:00,2025-10-03 00:00,Gravid Trap,Partial,Valid,Officer F,,data_generator,2025-10-03
EVT-02030,TRP-023,ST-021,2025-26,2025-10-08 00:00,2025-10-10 00:00,Gravid Trap,Successful,Valid,Officer D,,data_generator,2025-10-10
EVT-02031,TRP-023,ST-021,2025-26,2025-10-15 00:00,2025-10-17 00:00,Gravid Trap,Successful,Valid,Officer C,,data_generator,2025-10-17
EVT-02032,TRP-023,ST-021,2025-26,2025-10-22 00:00,2025-10-24 00:00,Gravid Trap,Successful,Valid,Officer D,,data_generator,2025-10-24
EVT-02033,TRP-023,ST-021,2025-26,2025-10-29 00:00,2025-10-31 00:00,Gravid Trap,Successful,Valid,Officer B,,data_generator,2025-10-31
EVT-02034,TRP-023,ST-021,2025-26,2025-11-05 00:00,2025-11-07 00:00,Gravid Trap,Successful,Valid,Officer F,,data_generator,2025-11-07
EVT-02035,TRP-023,ST-021,2025-26,2025-11-12 00:00,2025-11-14 00:00,Gravid Trap,Successful,Valid,Officer C,,data_generator,2025-11-14
EVT-02036,TRP-023,ST-021,2025-26,2025-11-19 00:00,2025-11-21 00:00,Gravid Trap,Successful,Valid,Officer B,,data_generator,2025-11-21
EVT-02037,TRP-023,ST-021,2025-26,2025-11-26 00:00,2025-11-28 00:00,Gravid Trap,Successful,Valid,Officer D,,data_generator,2025-11-28
EVT-02038,TRP-023,ST-021,2025-26,2025-12-03 00:00,2025-12-05 00:00,Gravid Trap,Successful,Valid,Officer F,,data_generator,2025-12-05
EVT-02039,TRP-023,ST-021,2025-26,2025-12-10 00:00,2025-12-12 00:00,Gravid Trap,Successful,Valid,Officer E,,data_generator,2025-12-12
EVT-02040,TRP-023,ST-021,2025-26,2025-12-17 00:00,2025-12-19 00:00,Gravid Trap,Partial,Valid,Officer C,,data_generator,2025-12-19
EVT-02041,TRP-023,ST-021,2025-26,2025-12-24 00:00,2025-12-26 00:00,Gravid Trap,Successful,Valid,Officer C,,data_generator,2025-12-26
EVT-02042,TRP-023,ST-021,2025-26,2025-12-31 00:00,2026-01-02 00:00,Gravid Trap,Successful,Valid,Officer D,,data_generator,2026-01-02
EVT-02043,TRP-023,ST-021,2025-26,2026-01-07 00:00,2026-01-09 00:00,Gravid Trap,Successful,Valid,Officer C,,data_generator,2026-01-09
EVT-02044,TRP-023,ST-021,2025-26,2026-01-14 00:00,2026-01-16 00:00,Gravid Trap,Successful,Valid,Officer E,,data_generator,2026-01-16
EVT-02045,TRP-023,ST-021,2025-26,2026-01-21 00:00,2026-01-23 00:00,Gravid Trap,Successful,Valid,Officer B,,data_generator,2026-01-23
EVT-02046,TRP-023,ST-021,2025-26,2026-01-28 00:00,2026-01-30 00:00,Gravid Trap,Successful,Valid,Officer F,,data_generator,2026-01-30
EVT-02047,TRP-024,ST-022,2025-26,2025-10-01 00:00,2025-10-03 00:00,EVS (CO2-baited),Successful,Valid,Officer B,,data_generator,2025-10-03
EVT-02048,TRP-024,ST-022,2025-26,2025-10-08 00:00,2025-10-10 00:00,EVS (CO2-baited),Successful,Valid,Officer A,,data_generator,2025-10-10
EVT-02049,TRP-024,ST-022,2025-26,2025-10-15 00:00,2025-10-17 00:00,EVS (CO2-baited),Failed - Equipment/Battery,Invalid,Officer A,,data_generator,2025-10-17
EVT-02050,TRP-024,ST-022,2025-26,2025-10-22 00:00,2025-10-24 00:00,EVS (CO2-baited),Successful,Valid,Officer D,,data_generator,2025-10-24
EVT-02051,TRP-024,ST-022,2025-26,2025-10-29 00:00,2025-10-31 00:00,EVS (CO2-baited),Successful,Valid,Officer F,,data_generator,2025-10-31
EVT-02052,TRP-024,ST-022,2025-26,2025-11-05 00:00,2025-11-07 00:00,EVS (CO2-baited),Missing,N/A,Officer C,,data_generator,2025-11-07
EVT-02053,TRP-024,ST-022,2025-26,2025-11-12 00:00,2025-11-14 00:00,EVS (CO2-baited),Successful,Valid,Officer D,,data_generator,2025-11-14
EVT-02054,TRP-024,ST-022,2025-26,2025-11-19 00:00,2025-11-21 00:00,EVS (CO2-baited),Missing,N/A,Officer F,,data_generator,2025-11-21
EVT-02055,TRP-024,ST-022,2025-26,2025-11-26 00:00,2025-11-28 00:00,EVS (CO2-baited),Successful,Valid,Officer B,,data_generator,2025-11-28
EVT-02056,TRP-024,ST-022,2025-26,2025-12-03 00:00,2025-12-05 00:00,EVS (CO2-baited),Successful,Valid,Officer E,,data_generator,2025-12-05
EVT-02057,TRP-024,ST-022,2025-26,2025-12-10 00:00,2025-12-12 00:00,EVS (CO2-baited),Successful,Valid,Officer E,,data_generator,2025-12-12
EVT-02058,TRP-024,ST-022,2025-26,2025-12-17 00:00,2025-12-19 00:00,EVS (CO2-baited),Successful,Valid,Officer F,,data_generator,2025-12-19
EVT-02059,TRP-024,ST-022,2025-26,2025-12-24 00:00,2025-12-26 00:00,EVS (CO2-baited),Successful,Valid,Officer C,,data_generator,2025-12-26
EVT-02060,TRP-024,ST-022,2025-26,2025-12-31 00:00,2026-01-02 00:00,EVS (CO2-baited),Successful,Valid,Officer D,,data_generator,2026-01-02
EVT-02061,TRP-024,ST-022,2025-26,2026-01-07 00:00,2026-01-09 00:00,EVS (CO2-baited),Successful,Valid,Officer F,,data_generator,2026-01-09
EVT-02062,TRP-024,ST-022,2025-26,2026-01-14 00:00,2026-01-16 00:00,EVS (CO2-baited),Successful,Valid,Officer D,,data_generator,2026-01-16
EVT-02063,TRP-024,ST-022,2025-26,2026-01-21 00:00,2026-01-23 00:00,EVS (CO2-baited),Successful,Valid,Officer D,,data_generator,2026-01-23
EVT-02064,TRP-024,ST-022,2025-26,2026-01-28 00:00,2026-01-30 00:00,EVS (CO2-baited),Successful,Valid,Officer D,,data_generator,2026-01-30
